id_doc,Text's title,Author,original_name,Normalized name,ID wikidata,identifiers,coordinate location,Longitude,Latitude,Type of place,printer,publication place,date
antonio_jose_valdes_delirio_I,Delirio I,Antonio José Valdés,"ARGENTINA",Argentina,Argentina,Q414,"-34,-64",-34,-64,Argentina,Imprenta de Gandarillas y socios,Buenos Aires,1816
antonio_jose_valdes_delirio_I,Delirio I,Antonio José Valdés,"Buenos-Ayres","Buenos Aires",Buenos Aires,Q1486,"-34.599722222222,-58.381944444444",-34.599722222222,-58.381944444444,"Buenos Aires",Imprenta de Gandarillas y socios,Buenos Aires,1816
antonio_jose_valdes_delirio_I,Delirio I,Antonio José Valdés,"Buenos--Ayres","Buenos Aires",Buenos Aires,Q1486,"-34.599722222222,-58.381944444444",-34.599722222222,-58.381944444444,"Buenos Aires",Imprenta de Gandarillas y socios,Buenos Aires,1816
antonio_jose_valdes_delirio_I,Delirio I,Antonio José Valdés,"Barracas","Barracas",Barracas,Q680964,"-34.65,-58.383333333333",-34.65,-58.383333333333,"Barracas",Imprenta de Gandarillas y socios,Buenos Aires,1816
antonio_jose_valdes_delirio_I,Delirio I,Antonio José Valdés,"Recoleta","Recoleta","Recoleta, Buenos Aires",Q1010253,"-34.590555555556,-58.390555555556",-34.590555555556,-58.390555555556,"Recoleta",Imprenta de Gandarillas y socios,Buenos Aires,1816
antonio_jose_valdes_delirio_I,Delirio I,Antonio José Valdés,"América","América",América,Q2400442,"-35.483333333333,-62.966666666667",-35.483333333333,-62.966666666667,"América",Imprenta de Gandarillas y socios,Buenos Aires,1816
antonio_jose_valdes_delirio_I,Delirio I,Antonio José Valdés,"Barracas","Barracas",Barracas,Q680964,"-34.65,-58.383333333333",-34.65,-58.383333333333,"Barracas",Imprenta de Gandarillas y socios,Buenos Aires,1816
antonio_jose_valdes_delirio_I,Delirio I,Antonio José Valdés,"Constantinopla","Constantinopla",Constantinople,Q16869,"41.0125,28.98",41.0125,28.98,"Constantinopla",Imprenta de Gandarillas y socios,Buenos Aires,1816
antonio_jose_valdes_delirio_I,Delirio I,Antonio José Valdés,"Vesuvio","Vesuvio",Mount Vesuvius,Q524,"40.821388888889,14.425555555556",40.821388888889,14.425555555556,"Vesuvio",Imprenta de Gandarillas y socios,Buenos Aires,1816
antonio_jose_valdes_delirio_I,Delirio I,Antonio José Valdés,"Santa Elena","Santa Elena",Saint Helena,Q34497,"-15.95,-5.7166666666667",-15.95,-5.7166666666667,"Santa Elena",Imprenta de Gandarillas y socios,Buenos Aires,1816
antonio_jose_valdes_delirio_I,Delirio I,Antonio José Valdés,"Andes","Andes",Andes,Q5456,"-32.65333333,-70.01166667",-32.65333333,-70.01166667,"Andes",Imprenta de Gandarillas y socios,Buenos Aires,1816
antonio_jose_valdes_delirio_II,Delirio II,Antonio José Valdés,"ARGENTINA",Argentina,Argentina,Q414,"-34,-64",-34,-64,Argentina,Imprenta de Gandarillas y socios,Buenos Aires,1816
antonio_jose_valdes_delirio_II,Delirio II,Antonio José Valdés,"Andes","Andes",Andes,Q5456,"-32.65333333,-70.01166667",-32.65333333,-70.01166667,"Andes",Imprenta de Gandarillas y socios,Buenos Aires,1816
antonio_jose_valdes_delirio_II,Delirio II,Antonio José Valdés,"barrio de Triana","barrio de Triana",Triana,Q957828,"37.383580555556,-6.0052",37.383580555556,-6.0052,"barrio de Triana",Imprenta de Gandarillas y socios,Buenos Aires,1816
antonio_jose_valdes_delirio_II,Delirio II,Antonio José Valdés,"plaza del Retiro","plaza del Retiro",Retiro,Q516411,"-34.594722222222,-58.375833333333",-34.594722222222,-58.375833333333,"plaza del Retiro",Imprenta de Gandarillas y socios,Buenos Aires,1816
antonio_jose_valdes_delirio_II,Delirio II,Antonio José Valdés,"campo de Marte","campo de Marte","campo de Marte",,,,,"campo de Marte",Imprenta de Gandarillas y socios,Buenos Aires,1816
antonio_jose_valdes_delirio_II,Delirio II,Antonio José Valdés,"Buenos-Ayres","Buenos Aires",Buenos Aires,Q1486,"-34.599722222222,-58.381944444444",-34.599722222222,-58.381944444444,"Buenos Aires",Imprenta de Gandarillas y socios,Buenos Aires,1816
antonio_jose_valdes_delirio_II,Delirio II,Antonio José Valdés,"Olimpo","Olimpo",Olympus,Q70054479,,,,"Olimpo",Imprenta de Gandarillas y socios,Buenos Aires,1816
antonio_jose_valdes_delirio_II,Delirio II,Antonio José Valdés,"Madrid","Madrid",Madrid,Q2807,"40.41694444444445,-3.703333333333333",40.41694444444445,-3.703333333333333,"Madrid",Imprenta de Gandarillas y socios,Buenos Aires,1816
antonio_jose_valdes_delirio_II,Delirio II,Antonio José Valdés,"Buenos-Ayres","Buenos Aires",Buenos Aires,Q1486,"-34.599722222222,-58.381944444444",-34.599722222222,-58.381944444444,"Buenos Aires",Imprenta de Gandarillas y socios,Buenos Aires,1816
antonio_jose_valdes_delirio_II,Delirio II,Antonio José Valdés,"Perú","Perú",Peru,Q419,"-9.4,-76",-9.4,-76,"Perú",Imprenta de Gandarillas y socios,Buenos Aires,1816
antonio_jose_valdes_delirio_II,Delirio II,Antonio José Valdés,"Patagones","Patagones",Carmen de Patagones,Q2342211,"-40.783333333333,-62.966666666667",-40.783333333333,-62.966666666667,"Patagones",Imprenta de Gandarillas y socios,Buenos Aires,1816
antonio_jose_valdes_delirio_II,Delirio II,Antonio José Valdés,"Argentina","Argentina",Argentina,Q414,"-34,-64",-34,-64,"Argentina",Imprenta de Gandarillas y socios,Buenos Aires,1816
antonio_jose_valdes_delirio_II,Delirio II,Antonio José Valdés,"Lima","Lima",Lima,Q2868,"-12.06,-77.0375",-12.06,-77.0375,"Lima",Imprenta de Gandarillas y socios,Buenos Aires,1816
antonio_jose_valdes_delirio_II,Delirio II,Antonio José Valdés,"Guayaquil","Guayaquil",Guayaquil,Q43509,"-2.19,-79.8875",-2.19,-79.8875,"Guayaquil",Imprenta de Gandarillas y socios,Buenos Aires,1816
antonio_jose_valdes_delirio_II,Delirio II,Antonio José Valdés,"Buenos-Ayres","Buenos Aires",Buenos Aires,Q1486,"-34.599722222222,-58.381944444444",-34.599722222222,-58.381944444444,"Buenos Aires",Imprenta de Gandarillas y socios,Buenos Aires,1816
antonio_jose_valdes_delirio_II,Delirio II,Antonio José Valdés,"Rio Janeyro",Río de Janeiro,Rio de Janeiro,Q8678,"-22.91111111111111,-43.205555555555556",-22.91111111111111,-43.205555555555556,Río de Janeiro,Imprenta de Gandarillas y socios,Buenos Aires,1816
antonio_jose_valdes_delirio_II,Delirio II,Antonio José Valdés,"Grenok","Greenock",Greenock,Q217831,"55.95,-4.7666666666667",55.95,-4.7666666666667,"Grenok",Imprenta de Gandarillas y socios,Buenos Aires,1816
antonio_jose_valdes_delirio_II,Delirio II,Antonio José Valdés,"Lisboa","Lisboa",Lisbon,Q597,"38.708042,-9.139016",38.708042,-9.139016,"Lisboa",Imprenta de Gandarillas y socios,Buenos Aires,1816
antonio_jose_valdes_delirio_II,Delirio II,Antonio José Valdés,"rio Janeyro","río Janeiro",Rio de Janeiro,Q8678,"-22.91111111111111,-43.205555555555556",-22.91111111111111,-43.205555555555556,"río Janeiro",Imprenta de Gandarillas y socios,Buenos Aires,1816
antonio_jose_valdes_delirio_II,Delirio II,Antonio José Valdés,"rio Janeyro",río Janeiro,Rio de Janeiro,Q8678,"-22.91111111111111,-43.205555555555556",-22.91111111111111,-43.205555555555556,río Janeiro,Imprenta de Gandarillas y socios,Buenos Aires,1816
antonio_jose_valdes_delirio_II,Delirio II,Antonio José Valdés,"Baltimore","Baltimore",Baltimore,Q5092,"39.286388888889,-76.615",39.286388888889,-76.615,"Baltimore",Imprenta de Gandarillas y socios,Buenos Aires,1816
Aquiles_Sioen_Buenos_Aires,Buenos Aires en el año 2080,Aquiles Sioen,"BUENOS AIRES",Buenos Aires,Buenos Aires,Q1486,"-34.599722222222,-58.381944444444",-34.599722222222,-58.381944444444,Buenos Aires,Igon Hermanos,Buenos Aires,1879
Aquiles_Sioen_Buenos_Aires,Buenos Aires en el año 2080,Aquiles Sioen,"Provincia de Coluguape","Provincia de Coluguape",Lake General Carrera/Buenos Aires,Q503842,"-46.4375,-71.715",-46.4375,-71.715,"Provincia de Coluguape",Igon Hermanos,Buenos Aires,1879
Aquiles_Sioen_Buenos_Aires,Buenos Aires en el año 2080,Aquiles Sioen,"Patagonia Central","Patagonia Central",Patagonia,Q1507,"-41.81015,-68.90627",-41.81015,-68.90627,"Patagonia Central",Igon Hermanos,Buenos Aires,1879
Aquiles_Sioen_Buenos_Aires,Buenos Aires en el año 2080,Aquiles Sioen,"Buenos Aires","Buenos Aires",Buenos Aires,Q1486,"-34.599722222222,-58.381944444444",-34.599722222222,-58.381944444444,"Buenos Aires",Igon Hermanos,Buenos Aires,1879
Aquiles_Sioen_Buenos_Aires,Buenos Aires en el año 2080,Aquiles Sioen,"la Rioja","la Rioja",La Rioja,Q44236,"-29.4130555556,-66.8558333333",-29.4130555556,-66.8558333333,"la Rioja",Igon Hermanos,Buenos Aires,1879
Aquiles_Sioen_Buenos_Aires,Buenos Aires en el año 2080,Aquiles Sioen,"Coluguape","Coluguape",Lake General Carrera/Buenos Aires,Q503842,"-46.4375,-71.715",-46.4375,-71.715,"Coluguape",Igon Hermanos,Buenos Aires,1879
Aquiles_Sioen_Buenos_Aires,Buenos Aires en el año 2080,Aquiles Sioen,"Buenos Aires","Buenos Aires",Buenos Aires,Q1486,"-34.599722222222,-58.381944444444",-34.599722222222,-58.381944444444,"Buenos Aires",Igon Hermanos,Buenos Aires,1879
Aquiles_Sioen_Buenos_Aires,Buenos Aires en el año 2080,Aquiles Sioen,"República Argentina","República Argentina",Argentina,Q414,"-34,-64",-34,-64,"República Argentina",Igon Hermanos,Buenos Aires,1879
Aquiles_Sioen_Buenos_Aires,Buenos Aires en el año 2080,Aquiles Sioen,"Estrecho de Magallanes","Estrecho de Magallanes",Strait of Magellan,Q48365,"-54,-71",-54,-71,"Estrecho de Magallanes",Igon Hermanos,Buenos Aires,1879
Aquiles_Sioen_Buenos_Aires,Buenos Aires en el año 2080,Aquiles Sioen,"Rio-Janeiro","Río de Janeiro",Rio de Janeiro,Q8678,"-22.91111111111111,-43.205555555555556",-22.91111111111111,-43.205555555555556,"Río de Janeiro",Igon Hermanos,Buenos Aires,1879
Aquiles_Sioen_Buenos_Aires,Buenos Aires en el año 2080,Aquiles Sioen,"Buenos Aires","Buenos Aires",Buenos Aires,Q1486,"-34.599722222222,-58.381944444444",-34.599722222222,-58.381944444444,"Buenos Aires",Igon Hermanos,Buenos Aires,1879
Aquiles_Sioen_Buenos_Aires,Buenos Aires en el año 2080,Aquiles Sioen,"Asuncion","Asunción",Asunción,Q2933,"-25.3,-57.633333333333",-25.3,-57.633333333333,"Asunción",Igon Hermanos,Buenos Aires,1879
Aquiles_Sioen_Buenos_Aires,Buenos Aires en el año 2080,Aquiles Sioen,"América del Sur","América del Sur",South America,Q18,"-21,-59",-21,-59,"América del Sur",Igon Hermanos,Buenos Aires,1879
Aquiles_Sioen_Buenos_Aires,Buenos Aires en el año 2080,Aquiles Sioen,"Jujuy","Jujuy",San Salvador de Jujuy,Q44217,"-24.185555555556,-65.299444444444",-24.185555555556,-65.299444444444,"Jujuy",Igon Hermanos,Buenos Aires,1879
Aquiles_Sioen_Buenos_Aires,Buenos Aires en el año 2080,Aquiles Sioen,"Magallanes","Magallanes",Strait of Magellan,Q48365,"-54,-71",-54,-71,"Magallanes",Igon Hermanos,Buenos Aires,1879
Aquiles_Sioen_Buenos_Aires,Buenos Aires en el año 2080,Aquiles Sioen,"Linda","Linda","Linda",,,,,"Linda",Igon Hermanos,Buenos Aires,1879
Aquiles_Sioen_Buenos_Aires,Buenos Aires en el año 2080,Aquiles Sioen,"Linda","Linda","Linda",,,,,"Linda",Igon Hermanos,Buenos Aires,1879
Aquiles_Sioen_Buenos_Aires,Buenos Aires en el año 2080,Aquiles Sioen,"Bahía Blanca","Bahía Blanca",Bahía Blanca,Q54108,"-38.716666666667,-62.266666666667",-38.716666666667,-62.266666666667,"Bahía Blanca",Igon Hermanos,Buenos Aires,1879
Aquiles_Sioen_Buenos_Aires,Buenos Aires en el año 2080,Aquiles Sioen,"Buenos Aires","Buenos Aires",Buenos Aires,Q1486,"-34.599722222222,-58.381944444444",-34.599722222222,-58.381944444444,"Buenos Aires",Igon Hermanos,Buenos Aires,1879
Aquiles_Sioen_Buenos_Aires,Buenos Aires en el año 2080,Aquiles Sioen,"Corrientes","Corrientes",Corrientes,Q44211,"-27.483333333333,-58.816666666667",-27.483333333333,-58.816666666667,"Corrientes",Igon Hermanos,Buenos Aires,1879
Aquiles_Sioen_Buenos_Aires,Buenos Aires en el año 2080,Aquiles Sioen,"San Luis","San Luis",San Luis,Q44243,"-33.29944444444445,-66.33916666666667",-33.29944444444445,-66.33916666666667,"San Luis",Igon Hermanos,Buenos Aires,1879
Aquiles_Sioen_Buenos_Aires,Buenos Aires en el año 2080,Aquiles Sioen,"Córdoba","Córdoba",Córdoba,Q44210,"-31.416666666667,-64.183333333333",-31.416666666667,-64.183333333333,"Córdoba",Igon Hermanos,Buenos Aires,1879
Aquiles_Sioen_Buenos_Aires,Buenos Aires en el año 2080,Aquiles Sioen,"Tucuman","Tucumán",San Miguel de Tucumán,Q44255,"-26.816666666667,-65.216666666667",-26.816666666667,-65.216666666667,"Tucumán",Igon Hermanos,Buenos Aires,1879
Aquiles_Sioen_Buenos_Aires,Buenos Aires en el año 2080,Aquiles Sioen,"Jujuy","Jujuy",San Salvador de Jujuy,Q44217,"-24.185555555556,-65.299444444444",-24.185555555556,-65.299444444444,"Jujuy",Igon Hermanos,Buenos Aires,1879
Aquiles_Sioen_Buenos_Aires,Buenos Aires en el año 2080,Aquiles Sioen,"Nueva-York","Nueva York",New York City,Q60,"40.7,-74",40.7,-74,"Nueva York",Igon Hermanos,Buenos Aires,1879
Aquiles_Sioen_Buenos_Aires,Buenos Aires en el año 2080,Aquiles Sioen,"Linda","Linda","Linda",,,,,"Linda",Igon Hermanos,Buenos Aires,1879
Aquiles_Sioen_Buenos_Aires,Buenos Aires en el año 2080,Aquiles Sioen,"Nueva Rica","Nueva Rica","Nueva Rica",,,,,"Nueva Rica",Igon Hermanos,Buenos Aires,1879
Aquiles_Sioen_Buenos_Aires,Buenos Aires en el año 2080,Aquiles Sioen,"China","China",People's Republic of China,Q148,"35.844722222222224,103.45194444444445",35.844722222222224,103.45194444444445,"China",Igon Hermanos,Buenos Aires,1879
Aquiles_Sioen_Buenos_Aires,Buenos Aires en el año 2080,Aquiles Sioen,"Tapalqué","Tapalqué",Tapalqué train station,Q5845057,"-36.3453,-60.0408",-36.3453,-60.0408,"Tapalqué",Igon Hermanos,Buenos Aires,1879
Aquiles_Sioen_Buenos_Aires,Buenos Aires en el año 2080,Aquiles Sioen,"Tapalqué","Tapalqué",Tapalqué train station,Q5845057,"-36.3453,-60.0408",-36.3453,-60.0408,"Tapalqué",Igon Hermanos,Buenos Aires,1879
Aquiles_Sioen_Buenos_Aires,Buenos Aires en el año 2080,Aquiles Sioen,"Florencia","Florencia",Florence,Q2044,"43.771388888889,11.254166666667",43.771388888889,11.254166666667,"Florencia",Igon Hermanos,Buenos Aires,1879
Aquiles_Sioen_Buenos_Aires,Buenos Aires en el año 2080,Aquiles Sioen,"Montevideo","Montevideo",Montevideo,Q1335,"-34.86666666666667,-56.166666666666664",-34.86666666666667,-56.166666666666664,"Montevideo",Igon Hermanos,Buenos Aires,1879
Aquiles_Sioen_Buenos_Aires,Buenos Aires en el año 2080,Aquiles Sioen,"Lahore","Lahore",Lahore,Q11739,"31.549722222222,74.343611111111",31.549722222222,74.343611111111,"Lahore",Igon Hermanos,Buenos Aires,1879
Aquiles_Sioen_Buenos_Aires,Buenos Aires en el año 2080,Aquiles Sioen,"Buenos Aires","Buenos Aires",Buenos Aires,Q1486,"-34.599722222222,-58.381944444444",-34.599722222222,-58.381944444444,"Buenos Aires",Igon Hermanos,Buenos Aires,1879
Aquiles_Sioen_Buenos_Aires,Buenos Aires en el año 2080,Aquiles Sioen,"Buenos Aires","Buenos Aires",Buenos Aires,Q1486,"-34.599722222222,-58.381944444444",-34.599722222222,-58.381944444444,"Buenos Aires",Igon Hermanos,Buenos Aires,1879
Aquiles_Sioen_Buenos_Aires,Buenos Aires en el año 2080,Aquiles Sioen,"Andes","Andes",Andes,Q5456,"-32.65333333,-70.01166667",-32.65333333,-70.01166667,"Andes",Igon Hermanos,Buenos Aires,1879
Aquiles_Sioen_Buenos_Aires,Buenos Aires en el año 2080,Aquiles Sioen,"Buenos Aires","Buenos Aires",Buenos Aires,Q1486,"-34.599722222222,-58.381944444444",-34.599722222222,-58.381944444444,"Buenos Aires",Igon Hermanos,Buenos Aires,1879
Aquiles_Sioen_Buenos_Aires,Buenos Aires en el año 2080,Aquiles Sioen,"Buenos Aires","Buenos Aires",Buenos Aires,Q1486,"-34.599722222222,-58.381944444444",-34.599722222222,-58.381944444444,"Buenos Aires",Igon Hermanos,Buenos Aires,1879
Aquiles_Sioen_Buenos_Aires,Buenos Aires en el año 2080,Aquiles Sioen,"Plaza del Plata","Plaza del Plata","Plaza del Plata",,,,,"Plaza del Plata",Igon Hermanos,Buenos Aires,1879
Aquiles_Sioen_Buenos_Aires,Buenos Aires en el año 2080,Aquiles Sioen,Paseo de Julio,Paseo de Julio,Paseo de Julio,Q6065622,,,,Paseo de Julio,Igon Hermanos,Buenos Aires,1879
Aquiles_Sioen_Buenos_Aires,Buenos Aires en el año 2080,Aquiles Sioen,"Buenos Aires","Buenos Aires",Buenos Aires,Q1486,"-34.599722222222,-58.381944444444",-34.599722222222,-58.381944444444,"Buenos Aires",Igon Hermanos,Buenos Aires,1879
Aquiles_Sioen_Buenos_Aires,Buenos Aires en el año 2080,Aquiles Sioen,"Argentina","Argentina",Argentina,Q414,"-34,-64",-34,-64,"Argentina",Igon Hermanos,Buenos Aires,1879
Aquiles_Sioen_Buenos_Aires,Buenos Aires en el año 2080,Aquiles Sioen,"Buenos Aires","Buenos Aires",Buenos Aires,Q1486,"-34.599722222222,-58.381944444444",-34.599722222222,-58.381944444444,"Buenos Aires",Igon Hermanos,Buenos Aires,1879
Aquiles_Sioen_Buenos_Aires,Buenos Aires en el año 2080,Aquiles Sioen,"Buenos Aires","Buenos Aires",Buenos Aires,Q1486,"-34.599722222222,-58.381944444444",-34.599722222222,-58.381944444444,"Buenos Aires",Igon Hermanos,Buenos Aires,1879
Aquiles_Sioen_Buenos_Aires,Buenos Aires en el año 2080,Aquiles Sioen,"Buenos Aires","Buenos Aires",Buenos Aires,Q1486,"-34.599722222222,-58.381944444444",-34.599722222222,-58.381944444444,"Buenos Aires",Igon Hermanos,Buenos Aires,1879
Aquiles_Sioen_Buenos_Aires,Buenos Aires en el año 2080,Aquiles Sioen,"Burdeos","Burdeos",Bordeaux,Q1479,"44.837777777778,-0.57944444444444",44.837777777778,-0.57944444444444,"Burdeos",Igon Hermanos,Buenos Aires,1879
Aquiles_Sioen_Buenos_Aires,Buenos Aires en el año 2080,Aquiles Sioen,"Borgoña","Borgoña",Bourgogne,Q1218849,"49.349444444444,4.0713888888889",49.349444444444,4.0713888888889,"Borgoña",Igon Hermanos,Buenos Aires,1879
Aquiles_Sioen_Buenos_Aires,Buenos Aires en el año 2080,Aquiles Sioen,"Madera","Madera","Madera",,,,,"Madera",Igon Hermanos,Buenos Aires,1879
Aquiles_Sioen_Buenos_Aires,Buenos Aires en el año 2080,Aquiles Sioen,"Córdoba","Córdoba",Córdoba,Q101948176,"37.89155,-4.77275",37.89155,-4.77275,"Córdoba",Igon Hermanos,Buenos Aires,1879
Aquiles_Sioen_Buenos_Aires,Buenos Aires en el año 2080,Aquiles Sioen,"Chipre","Chipre",Cyprus,Q229,"35,33",35,33,"Chipre",Igon Hermanos,Buenos Aires,1879
Aquiles_Sioen_Buenos_Aires,Buenos Aires en el año 2080,Aquiles Sioen,"Constancia","Constanza",Constance,Q3834,"47.663333333333,9.1752777777778",47.663333333333,9.1752777777778,"Constanza",Igon Hermanos,Buenos Aires,1879
Aquiles_Sioen_Buenos_Aires,Buenos Aires en el año 2080,Aquiles Sioen,"Champaña","Champaña",Champagne,Q273827,"49,4",49,4,"Champaña",Igon Hermanos,Buenos Aires,1879
Aquiles_Sioen_Buenos_Aires,Buenos Aires en el año 2080,Aquiles Sioen,"Bahía Blanca","Bahía Blanca",Bahía Blanca,Q54108,"-38.716666666667,-62.266666666667",-38.716666666667,-62.266666666667,"Bahía Blanca",Igon Hermanos,Buenos Aires,1879
Aquiles_Sioen_Buenos_Aires,Buenos Aires en el año 2080,Aquiles Sioen,"Ermitage","Ermitage","Ermitage",,,,,"Ermitage",Igon Hermanos,Buenos Aires,1879
Aquiles_Sioen_Buenos_Aires,Buenos Aires en el año 2080,Aquiles Sioen,"Africa","África",Africa,Q15,"21.09375,7.1881",21.09375,7.1881,"África",Igon Hermanos,Buenos Aires,1879
Aquiles_Sioen_Buenos_Aires,Buenos Aires en el año 2080,Aquiles Sioen,"Inglaterra","Inglaterra",England,Q21,"53,-1",53,-1,"Inglaterra",Igon Hermanos,Buenos Aires,1879
Aquiles_Sioen_Buenos_Aires,Buenos Aires en el año 2080,Aquiles Sioen,"Viejo Mundo","Viejo Mundo",Europe,Q46,"48.690959,9.14062",48.690959,9.14062,"Viejo Mundo",Igon Hermanos,Buenos Aires,1879
Aquiles_Sioen_Buenos_Aires,Buenos Aires en el año 2080,Aquiles Sioen,"Europa","Europa",Europe,Q46,"48.690959,9.14062",48.690959,9.14062,"Europa",Igon Hermanos,Buenos Aires,1879
Aquiles_Sioen_Buenos_Aires,Buenos Aires en el año 2080,Aquiles Sioen,"Inglaterra","Inglaterra",England,Q21,"53,-1",53,-1,"Inglaterra",Igon Hermanos,Buenos Aires,1879
Aquiles_Sioen_Buenos_Aires,Buenos Aires en el año 2080,Aquiles Sioen,"Francia","Francia",France,Q142,"47,2",47,2,"Francia",Igon Hermanos,Buenos Aires,1879
Aquiles_Sioen_Buenos_Aires,Buenos Aires en el año 2080,Aquiles Sioen,"Austria","Austria",Austria,Q40,"48,14",48,14,"Austria",Igon Hermanos,Buenos Aires,1879
Aquiles_Sioen_Buenos_Aires,Buenos Aires en el año 2080,Aquiles Sioen,"Italia","Italia",Italy,Q38,"42.5,12.5",42.5,12.5,"Italia",Igon Hermanos,Buenos Aires,1879
Aquiles_Sioen_Buenos_Aires,Buenos Aires en el año 2080,Aquiles Sioen,"Rusia","Rusia",Russia,Q159,"66.41666666666667,94.25",66.41666666666667,94.25,"Rusia",Igon Hermanos,Buenos Aires,1879
Aquiles_Sioen_Buenos_Aires,Buenos Aires en el año 2080,Aquiles Sioen,"Vieja Europa","Vieja Europa",Old Europe,Q1241067,,,,"Vieja Europa",Igon Hermanos,Buenos Aires,1879
Aquiles_Sioen_Buenos_Aires,Buenos Aires en el año 2080,Aquiles Sioen,"Viena","Viena",Vienna,Q1741,"48.208333333333336,16.3725",48.208333333333336,16.3725,"Viena",Igon Hermanos,Buenos Aires,1879
Aquiles_Sioen_Buenos_Aires,Buenos Aires en el año 2080,Aquiles Sioen,"Reino de Grecia","Reino de Grecia",Greece,Q41,"38.5,23",38.5,23,"Reino de Grecia",Igon Hermanos,Buenos Aires,1879
Aquiles_Sioen_Buenos_Aires,Buenos Aires en el año 2080,Aquiles Sioen,"Turquia","Turquía",Turkey,Q43,"39,36",39,36,"Turquía",Igon Hermanos,Buenos Aires,1879
Aquiles_Sioen_Buenos_Aires,Buenos Aires en el año 2080,Aquiles Sioen,"Europa","Europa",Europe,Q46,"48.690959,9.14062",48.690959,9.14062,"Europa",Igon Hermanos,Buenos Aires,1879
Aquiles_Sioen_Buenos_Aires,Buenos Aires en el año 2080,Aquiles Sioen,"Albania","Albania",Albania,Q222,"41,20",41,20,"Albania",Igon Hermanos,Buenos Aires,1879
Aquiles_Sioen_Buenos_Aires,Buenos Aires en el año 2080,Aquiles Sioen,"Tesalia","Tesalia",Ancient Thessaly,Q1247568,,,,"Tesalia",Igon Hermanos,Buenos Aires,1879
Aquiles_Sioen_Buenos_Aires,Buenos Aires en el año 2080,Aquiles Sioen,"Romelia","Romelia",Rumelia,Q184002,"41,21.333333333333",41,21.333333333333,"Romelia",Igon Hermanos,Buenos Aires,1879
Aquiles_Sioen_Buenos_Aires,Buenos Aires en el año 2080,Aquiles Sioen,"Austro-Hungría","Austria-Hungría",Austria-Hungary,Q28513,"48.2,16.35",48.2,16.35,"Austria-Hungría",Igon Hermanos,Buenos Aires,1879
Aquiles_Sioen_Buenos_Aires,Buenos Aires en el año 2080,Aquiles Sioen,"Italia","Italia",Italy,Q38,"42.5,12.5",42.5,12.5,"Italia",Igon Hermanos,Buenos Aires,1879
Aquiles_Sioen_Buenos_Aires,Buenos Aires en el año 2080,Aquiles Sioen,"Tirol","Tirol",Tirol,Q30031124,"46.69102,11.15427",46.69102,11.15427,"Tirol",Igon Hermanos,Buenos Aires,1879
Aquiles_Sioen_Buenos_Aires,Buenos Aires en el año 2080,Aquiles Sioen,"Alpes Rehéticos","Alpes Rehéticos",Rhaetian Alps,Q1277,"46.8,10",46.8,10,"Alpes Rehéticos",Igon Hermanos,Buenos Aires,1879
Aquiles_Sioen_Buenos_Aires,Buenos Aires en el año 2080,Aquiles Sioen,"Istria","Istria",Istria,Q1079468,"44.566666666667,28.716666666667",44.566666666667,28.716666666667,"Istria",Igon Hermanos,Buenos Aires,1879
Aquiles_Sioen_Buenos_Aires,Buenos Aires en el año 2080,Aquiles Sioen,"Croácia","Croacia",Croatia,Q224,"45.25,15.466667",45.25,15.466667,"Croacia",Igon Hermanos,Buenos Aires,1879
Aquiles_Sioen_Buenos_Aires,Buenos Aires en el año 2080,Aquiles Sioen,"Dalmácia","Dalmacia",Dalmatia,Q528042,"43.812761,16.218756",43.812761,16.218756,"Dalmacia",Igon Hermanos,Buenos Aires,1879
Aquiles_Sioen_Buenos_Aires,Buenos Aires en el año 2080,Aquiles Sioen,"Alpes Julianos","Alpes Julianos",Julian Alps,Q119206,"46.36666667,13.81666667",46.36666667,13.81666667,"Alpes Julianos",Igon Hermanos,Buenos Aires,1879
Aquiles_Sioen_Buenos_Aires,Buenos Aires en el año 2080,Aquiles Sioen,"Ragusa","Ragusa",Dubrovnik,Q1722,"42.640277777778,18.108333333333",42.640277777778,18.108333333333,"Ragusa",Igon Hermanos,Buenos Aires,1879
Aquiles_Sioen_Buenos_Aires,Buenos Aires en el año 2080,Aquiles Sioen,"Montenegro","Montenegro",Montenegro,Q236,"42.766667,19.216667",42.766667,19.216667,"Montenegro",Igon Hermanos,Buenos Aires,1879
Aquiles_Sioen_Buenos_Aires,Buenos Aires en el año 2080,Aquiles Sioen,"Bósnia","Bosnia",Bosnia,Q188736,"44.16,17.78",44.16,17.78,"Bosnia",Igon Hermanos,Buenos Aires,1879
Aquiles_Sioen_Buenos_Aires,Buenos Aires en el año 2080,Aquiles Sioen,"Sérvia","Serbia",Serbia,Q403,"43.95,20.933333333333",43.95,20.933333333333,"Serbia",Igon Hermanos,Buenos Aires,1879
Aquiles_Sioen_Buenos_Aires,Buenos Aires en el año 2080,Aquiles Sioen,"Moldávia","Moldavia",Moldova,Q217,"47.25,28.516667",47.25,28.516667,"Moldavia",Igon Hermanos,Buenos Aires,1879
Aquiles_Sioen_Buenos_Aires,Buenos Aires en el año 2080,Aquiles Sioen,"Würtemberg","Würtemberg",Württemberg,Q159626,"48.7786,9.17944",48.7786,9.17944,"Würtemberg",Igon Hermanos,Buenos Aires,1879
Aquiles_Sioen_Buenos_Aires,Buenos Aires en el año 2080,Aquiles Sioen,"Baviera","Baviera",Bavaria,Q980,"49.07861111111111,11.385555555555555",49.07861111111111,11.385555555555555,"Baviera",Igon Hermanos,Buenos Aires,1879
Aquiles_Sioen_Buenos_Aires,Buenos Aires en el año 2080,Aquiles Sioen,"Gran Ducado de Baden","Gran Ducado de Baden",Grand Duchy of Baden,Q186320,"49.01666667,8.4",49.01666667,8.4,"Gran Ducado de Baden",Igon Hermanos,Buenos Aires,1879
Aquiles_Sioen_Buenos_Aires,Buenos Aires en el año 2080,Aquiles Sioen,"Francia","Francia",France,Q142,"47,2",47,2,"Francia",Igon Hermanos,Buenos Aires,1879
Aquiles_Sioen_Buenos_Aires,Buenos Aires en el año 2080,Aquiles Sioen,"AlsaciaLorena","Alsacia-Lorena",Alsace–Lorraine,Q155144,"48.67,7",48.67,7,"Alsacia-Lorena",Igon Hermanos,Buenos Aires,1879
Aquiles_Sioen_Buenos_Aires,Buenos Aires en el año 2080,Aquiles Sioen,"Tunez","Túnez",Tunis,Q3572,"36.800833333333,10.18",36.800833333333,10.18,"Túnez",Igon Hermanos,Buenos Aires,1879
Aquiles_Sioen_Buenos_Aires,Buenos Aires en el año 2080,Aquiles Sioen,"Tripoli","Trípoli",Tripoli,Q3579,"32.87519,13.18746",32.87519,13.18746,"Trípoli",Igon Hermanos,Buenos Aires,1879
Aquiles_Sioen_Buenos_Aires,Buenos Aires en el año 2080,Aquiles Sioen,"Siria","Siria",Șiria,Q715296,"46.25,21.61666667",46.25,21.61666667,"Siria",Igon Hermanos,Buenos Aires,1879
Aquiles_Sioen_Buenos_Aires,Buenos Aires en el año 2080,Aquiles Sioen,"Palestina","Palestina",Palestine,Q7127272,"-1.6263,-79.977",-1.6263,-79.977,"Palestina",Igon Hermanos,Buenos Aires,1879
Aquiles_Sioen_Buenos_Aires,Buenos Aires en el año 2080,Aquiles Sioen,"Inglaterra","Inglaterra",England,Q21,"53,-1",53,-1,"Inglaterra",Igon Hermanos,Buenos Aires,1879
Aquiles_Sioen_Buenos_Aires,Buenos Aires en el año 2080,Aquiles Sioen,"Chipre","Chipre",Cyprus,Q229,"35,33",35,33,"Chipre",Igon Hermanos,Buenos Aires,1879
Aquiles_Sioen_Buenos_Aires,Buenos Aires en el año 2080,Aquiles Sioen,"Egipto","Egipto",Egypt,Q79,"27,29",27,29,"Egipto",Igon Hermanos,Buenos Aires,1879
Aquiles_Sioen_Buenos_Aires,Buenos Aires en el año 2080,Aquiles Sioen,"Alemania","Alemania",Germany,Q183,"51,10",51,10,"Alemania",Igon Hermanos,Buenos Aires,1879
Aquiles_Sioen_Buenos_Aires,Buenos Aires en el año 2080,Aquiles Sioen,"Prusia","Prusia",Kingdom of Prussia,Q27306,"53,14",53,14,"Prusia",Igon Hermanos,Buenos Aires,1879
Aquiles_Sioen_Buenos_Aires,Buenos Aires en el año 2080,Aquiles Sioen,"Denamarca","Dinamarca",Denmark,Q35,"56,10",56,10,"Denamarca",Igon Hermanos,Buenos Aires,1879
Aquiles_Sioen_Buenos_Aires,Buenos Aires en el año 2080,Aquiles Sioen,"Ducado de Schleswig-Holstein","Ducado de Schleswig-Holstein",Duchies of Schleswig and Holstein,Q11308051,,,,"Ducado de Schleswig-Holstein",Igon Hermanos,Buenos Aires,1879
Aquiles_Sioen_Buenos_Aires,Buenos Aires en el año 2080,Aquiles Sioen,"Europa","Europa",Europe,Q46,"48.690959,9.14062",48.690959,9.14062,"Europa",Igon Hermanos,Buenos Aires,1879
Aquiles_Sioen_Buenos_Aires,Buenos Aires en el año 2080,Aquiles Sioen,"Asiria","Asiria",Assyrian Empire,Q41137,"36,43.3",36,43.3,"Asiria",Igon Hermanos,Buenos Aires,1879
Aquiles_Sioen_Buenos_Aires,Buenos Aires en el año 2080,Aquiles Sioen,"Arabia","Arabia",Arabian Peninsula,Q31945,"23,46",23,46,"Arabia",Igon Hermanos,Buenos Aires,1879
Aquiles_Sioen_Buenos_Aires,Buenos Aires en el año 2080,Aquiles Sioen,"Mesopotamia","Mesopotamia",Mesopotamia,Q11767,"33.7,43.5",33.7,43.5,"Mesopotamia",Igon Hermanos,Buenos Aires,1879
Aquiles_Sioen_Buenos_Aires,Buenos Aires en el año 2080,Aquiles Sioen,"Persia","Persia",Persia,Q1913014,"41.5789,-95.5706",41.5789,-95.5706,"Persia",Igon Hermanos,Buenos Aires,1879
Aquiles_Sioen_Buenos_Aires,Buenos Aires en el año 2080,Aquiles Sioen,"Asia Menor","Asia Menor",Anatolia,Q51614,"39,35",39,35,"Asia Menor",Igon Hermanos,Buenos Aires,1879
Aquiles_Sioen_Buenos_Aires,Buenos Aires en el año 2080,Aquiles Sioen,"Armenia","Armenia",Armenia,Q328518,"4.5388888888889,-75.6725",4.5388888888889,-75.6725,"Armenia",Igon Hermanos,Buenos Aires,1879
Aquiles_Sioen_Buenos_Aires,Buenos Aires en el año 2080,Aquiles Sioen,"Francia","Francia",France,Q142,"47,2",47,2,"Francia",Igon Hermanos,Buenos Aires,1879
Aquiles_Sioen_Buenos_Aires,Buenos Aires en el año 2080,Aquiles Sioen,"Jerusalem","Jerusalem",Jerusalem,Q1218,"31.77888888888889,35.22555555555556",31.77888888888889,35.22555555555556,"Jerusalem",Igon Hermanos,Buenos Aires,1879
Aquiles_Sioen_Buenos_Aires,Buenos Aires en el año 2080,Aquiles Sioen,"Judea","Judea",Judea,Q104028,"31.698889,35.306389",31.698889,35.306389,"Judea",Igon Hermanos,Buenos Aires,1879
Aquiles_Sioen_Buenos_Aires,Buenos Aires en el año 2080,Aquiles Sioen,"Jerusalem","Jerusalem",Jerusalem,Q1218,"31.77888888888889,35.22555555555556",31.77888888888889,35.22555555555556,"Jerusalem",Igon Hermanos,Buenos Aires,1879
Aquiles_Sioen_Buenos_Aires,Buenos Aires en el año 2080,Aquiles Sioen,"Italia","Italia",Italy,Q38,"42.5,12.5",42.5,12.5,"Italia",Igon Hermanos,Buenos Aires,1879
Aquiles_Sioen_Buenos_Aires,Buenos Aires en el año 2080,Aquiles Sioen,"Jerusalem","Jerusalem",Jerusalem,Q1218,"31.77888888888889,35.22555555555556",31.77888888888889,35.22555555555556,"Jerusalem",Igon Hermanos,Buenos Aires,1879
Aquiles_Sioen_Buenos_Aires,Buenos Aires en el año 2080,Aquiles Sioen,"Roma","Roma",Rome,Q220,"41.893055555556,12.482777777778",41.893055555556,12.482777777778,"Roma",Igon Hermanos,Buenos Aires,1879
Aquiles_Sioen_Buenos_Aires,Buenos Aires en el año 2080,Aquiles Sioen,"Italia","Italia",Italy,Q38,"42.5,12.5",42.5,12.5,"Italia",Igon Hermanos,Buenos Aires,1879
Aquiles_Sioen_Buenos_Aires,Buenos Aires en el año 2080,Aquiles Sioen,"Europa","Europa",Europe,Q46,"48.690959,9.14062",48.690959,9.14062,"Europa",Igon Hermanos,Buenos Aires,1879
Aquiles_Sioen_Buenos_Aires,Buenos Aires en el año 2080,Aquiles Sioen,"Viena","Viena",Vienna,Q1741,"48.208333333333336,16.3725",48.208333333333336,16.3725,"Viena",Igon Hermanos,Buenos Aires,1879
Aquiles_Sioen_Buenos_Aires,Buenos Aires en el año 2080,Aquiles Sioen,"República Francesa","República Francesa",France,Q142,"47,2",47,2,"República Francesa",Igon Hermanos,Buenos Aires,1879
Aquiles_Sioen_Buenos_Aires,Buenos Aires en el año 2080,Aquiles Sioen,"Inglaterra","Inglaterra",England,Q21,"53,-1",53,-1,"Inglaterra",Igon Hermanos,Buenos Aires,1879
Aquiles_Sioen_Buenos_Aires,Buenos Aires en el año 2080,Aquiles Sioen,"Inglaterra","Inglaterra",England,Q21,"53,-1",53,-1,"Inglaterra",Igon Hermanos,Buenos Aires,1879
Aquiles_Sioen_Buenos_Aires,Buenos Aires en el año 2080,Aquiles Sioen,"Estados Unidos Europeos","Estados Unidos Europeos","Estados Unidos Europeos",,,,,"Estados Unidos Europeos",Igon Hermanos,Buenos Aires,1879
Aquiles_Sioen_Buenos_Aires,Buenos Aires en el año 2080,Aquiles Sioen,"República Francesa","República Francesa",France,Q142,"47,2",47,2,"República Francesa",Igon Hermanos,Buenos Aires,1879
Aquiles_Sioen_Buenos_Aires,Buenos Aires en el año 2080,Aquiles Sioen,"España","España",Spain,Q29,"40.2,-3.5",40.2,-3.5,"España",Igon Hermanos,Buenos Aires,1879
Aquiles_Sioen_Buenos_Aires,Buenos Aires en el año 2080,Aquiles Sioen,"Italia","Italia",Italy,Q38,"42.5,12.5",42.5,12.5,"Italia",Igon Hermanos,Buenos Aires,1879
Aquiles_Sioen_Buenos_Aires,Buenos Aires en el año 2080,Aquiles Sioen,"Grecia","Grecia",Greece,Q41,"38.5,23",38.5,23,"Grecia",Igon Hermanos,Buenos Aires,1879
Aquiles_Sioen_Buenos_Aires,Buenos Aires en el año 2080,Aquiles Sioen,"Alemania","Alemania",Germany,Q183,"51,10",51,10,"Alemania",Igon Hermanos,Buenos Aires,1879
Aquiles_Sioen_Buenos_Aires,Buenos Aires en el año 2080,Aquiles Sioen,"Bélgica","Bélgica",Belgium,Q31,"50.641111111111,4.6680555555556",50.641111111111,4.6680555555556,"Bélgica",Igon Hermanos,Buenos Aires,1879
Aquiles_Sioen_Buenos_Aires,Buenos Aires en el año 2080,Aquiles Sioen,"Holanda","Holanda",Holland,Q102911,"52.25,4.667",52.25,4.667,"Holanda",Igon Hermanos,Buenos Aires,1879
Aquiles_Sioen_Buenos_Aires,Buenos Aires en el año 2080,Aquiles Sioen,"Portugal","Portugal",Portugal,Q45,"38.7,-9.1833333333333",38.7,-9.1833333333333,"Portugal",Igon Hermanos,Buenos Aires,1879
Aquiles_Sioen_Buenos_Aires,Buenos Aires en el año 2080,Aquiles Sioen,"Austro-Hungría","Austria-Hungría",Austria-Hungary,Q28513,"48.2,16.35",48.2,16.35,"Austria-Hungría",Igon Hermanos,Buenos Aires,1879
Aquiles_Sioen_Buenos_Aires,Buenos Aires en el año 2080,Aquiles Sioen,"Suecia","Suecia",Sweden,Q34,"61,15",61,15,"Suecia",Igon Hermanos,Buenos Aires,1879
Aquiles_Sioen_Buenos_Aires,Buenos Aires en el año 2080,Aquiles Sioen,"Dinamarca","Dinamarca",Denmark,Q35,"56,10",56,10,"Dinamarca",Igon Hermanos,Buenos Aires,1879
Aquiles_Sioen_Buenos_Aires,Buenos Aires en el año 2080,Aquiles Sioen,"Rusia","Rusia",Russia,Q159,"66.41666666666667,94.25",66.41666666666667,94.25,"Rusia",Igon Hermanos,Buenos Aires,1879
Aquiles_Sioen_Buenos_Aires,Buenos Aires en el año 2080,Aquiles Sioen,"Estados Unidos de Europa","Estados Unidos de Europa","Estados Unidos de Europa",,,,,"Estados Unidos de Europa",Igon Hermanos,Buenos Aires,1879
Aquiles_Sioen_Buenos_Aires,Buenos Aires en el año 2080,Aquiles Sioen,"Francia","Francia",France,Q142,"47,2",47,2,"Francia",Igon Hermanos,Buenos Aires,1879
Aquiles_Sioen_Buenos_Aires,Buenos Aires en el año 2080,Aquiles Sioen,"Bélgica","Bélgica",Belgium,Q31,"50.641111111111,4.6680555555556",50.641111111111,4.6680555555556,"Bélgica",Igon Hermanos,Buenos Aires,1879
Aquiles_Sioen_Buenos_Aires,Buenos Aires en el año 2080,Aquiles Sioen,"Holanda","Holanda",Holland,Q102911,"52.25,4.667",52.25,4.667,"Holanda",Igon Hermanos,Buenos Aires,1879
Aquiles_Sioen_Buenos_Aires,Buenos Aires en el año 2080,Aquiles Sioen,"Suecia","Suecia",Sweden,Q34,"61,15",61,15,"Suecia",Igon Hermanos,Buenos Aires,1879
Aquiles_Sioen_Buenos_Aires,Buenos Aires en el año 2080,Aquiles Sioen,"Italia","Italia",Italy,Q38,"42.5,12.5",42.5,12.5,"Italia",Igon Hermanos,Buenos Aires,1879
Aquiles_Sioen_Buenos_Aires,Buenos Aires en el año 2080,Aquiles Sioen,"España","España",Spain,Q29,"40.2,-3.5",40.2,-3.5,"España",Igon Hermanos,Buenos Aires,1879
Aquiles_Sioen_Buenos_Aires,Buenos Aires en el año 2080,Aquiles Sioen,"Portugal","Portugal",Portugal,Q45,"38.7,-9.1833333333333",38.7,-9.1833333333333,"Portugal",Igon Hermanos,Buenos Aires,1879
Aquiles_Sioen_Buenos_Aires,Buenos Aires en el año 2080,Aquiles Sioen,"Grecia","Grecia",Greece,Q41,"38.5,23",38.5,23,"Grecia",Igon Hermanos,Buenos Aires,1879
Aquiles_Sioen_Buenos_Aires,Buenos Aires en el año 2080,Aquiles Sioen,"Inglaterra","Inglaterra",England,Q21,"53,-1",53,-1,"Inglaterra",Igon Hermanos,Buenos Aires,1879
Aquiles_Sioen_Buenos_Aires,Buenos Aires en el año 2080,Aquiles Sioen,"Suecia","Suecia",Sweden,Q34,"61,15",61,15,"Suecia",Igon Hermanos,Buenos Aires,1879
Aquiles_Sioen_Buenos_Aires,Buenos Aires en el año 2080,Aquiles Sioen,"Noruega","Noruega",Norway,Q20,"65,11",65,11,"Noruega",Igon Hermanos,Buenos Aires,1879
Aquiles_Sioen_Buenos_Aires,Buenos Aires en el año 2080,Aquiles Sioen,"Dinamarca","Dinamarca",Denmark,Q35,"56,10",56,10,"Dinamarca",Igon Hermanos,Buenos Aires,1879
Aquiles_Sioen_Buenos_Aires,Buenos Aires en el año 2080,Aquiles Sioen,"Rusia","Rusia",Russia,Q159,"66.41666666666667,94.25",66.41666666666667,94.25,"Rusia",Igon Hermanos,Buenos Aires,1879
Aquiles_Sioen_Buenos_Aires,Buenos Aires en el año 2080,Aquiles Sioen,"Alemania","Alemania",Germany,Q183,"51,10",51,10,"Alemania",Igon Hermanos,Buenos Aires,1879
Aquiles_Sioen_Buenos_Aires,Buenos Aires en el año 2080,Aquiles Sioen,"Austria","Austria",Austria,Q40,"48,14",48,14,"Austria",Igon Hermanos,Buenos Aires,1879
Aquiles_Sioen_Buenos_Aires,Buenos Aires en el año 2080,Aquiles Sioen,"Paris","París",Paris,Q90,"48.85666666666667,2.352222222222222",48.85666666666667,2.352222222222222,"París",Igon Hermanos,Buenos Aires,1879
Aquiles_Sioen_Buenos_Aires,Buenos Aires en el año 2080,Aquiles Sioen,"Europa","Europa",Europe,Q46,"48.690959,9.14062",48.690959,9.14062,"Europa",Igon Hermanos,Buenos Aires,1879
Aquiles_Sioen_Buenos_Aires,Buenos Aires en el año 2080,Aquiles Sioen,"Roma","Roma",Rome,Q220,"41.893055555556,12.482777777778",41.893055555556,12.482777777778,"Roma",Igon Hermanos,Buenos Aires,1879
Aquiles_Sioen_Buenos_Aires,Buenos Aires en el año 2080,Aquiles Sioen,"Berlin","Berlín",Berlin,Q64,"52.516666666667,13.383333333333",52.516666666667,13.383333333333,"Berlín",Igon Hermanos,Buenos Aires,1879
Aquiles_Sioen_Buenos_Aires,Buenos Aires en el año 2080,Aquiles Sioen,"Roma","Roma",Rome,Q220,"41.893055555556,12.482777777778",41.893055555556,12.482777777778,"Roma",Igon Hermanos,Buenos Aires,1879
Aquiles_Sioen_Buenos_Aires,Buenos Aires en el año 2080,Aquiles Sioen,"Berlin","Berlín",Berlin,Q64,"52.516666666667,13.383333333333",52.516666666667,13.383333333333,"Berlín",Igon Hermanos,Buenos Aires,1879
Aquiles_Sioen_Buenos_Aires,Buenos Aires en el año 2080,Aquiles Sioen,"Paris","París",Paris,Q90,"48.85666666666667,2.352222222222222",48.85666666666667,2.352222222222222,"París",Igon Hermanos,Buenos Aires,1879
Aquiles_Sioen_Buenos_Aires,Buenos Aires en el año 2080,Aquiles Sioen,"Buenos Aires","Buenos Aires",Buenos Aires,Q1486,"-34.599722222222,-58.381944444444",-34.599722222222,-58.381944444444,"Buenos Aires",Igon Hermanos,Buenos Aires,1879
Aquiles_Sioen_Buenos_Aires,Buenos Aires en el año 2080,Aquiles Sioen,"polo Norte","polo Norte",North Pole,Q79494,"64.751111111111,-147.35194444444",64.751111111111,-147.35194444444,"polo Norte",Igon Hermanos,Buenos Aires,1879
Aquiles_Sioen_Buenos_Aires,Buenos Aires en el año 2080,Aquiles Sioen,"Ville de Paris",París,Paris,Q90,"48.85666666666667,2.352222222222222",48.85666666666667,2.352222222222222,París,Igon Hermanos,Buenos Aires,1879
Aquiles_Sioen_Buenos_Aires,Buenos Aires en el año 2080,Aquiles Sioen,"Ville de Paris",París,Paris,Q90,"48.85666666666667,2.352222222222222",48.85666666666667,2.352222222222222,París,Igon Hermanos,Buenos Aires,1879
Aquiles_Sioen_Buenos_Aires,Buenos Aires en el año 2080,Aquiles Sioen,"China","China",People's Republic of China,Q148,"35.844722222222224,103.45194444444445",35.844722222222224,103.45194444444445,"China",Igon Hermanos,Buenos Aires,1879
Aquiles_Sioen_Buenos_Aires,Buenos Aires en el año 2080,Aquiles Sioen,"Pekin","Pekín",Beijing,Q956,"39.90403,116.407526",39.90403,116.407526,"Pekín",Igon Hermanos,Buenos Aires,1879
Aquiles_Sioen_Buenos_Aires,Buenos Aires en el año 2080,Aquiles Sioen,"Buenos Aires","Buenos Aires",Buenos Aires,Q1486,"-34.599722222222,-58.381944444444",-34.599722222222,-58.381944444444,"Buenos Aires",Igon Hermanos,Buenos Aires,1879
Aquiles_Sioen_Buenos_Aires,Buenos Aires en el año 2080,Aquiles Sioen,"Buenos Aires","Buenos Aires",Buenos Aires,Q1486,"-34.599722222222,-58.381944444444",-34.599722222222,-58.381944444444,"Buenos Aires",Igon Hermanos,Buenos Aires,1879
Aquiles_Sioen_Buenos_Aires,Buenos Aires en el año 2080,Aquiles Sioen,"Coluguape","Coluguape",Lake General Carrera/Buenos Aires,Q503842,"-46.4375,-71.715",-46.4375,-71.715,"Coluguape",Igon Hermanos,Buenos Aires,1879
Aquiles_Sioen_Buenos_Aires,Buenos Aires en el año 2080,Aquiles Sioen,"América del Norte","América del Norte",North America,Q49,"47,-105",47,-105,"América del Norte",Igon Hermanos,Buenos Aires,1879
Aquiles_Sioen_Buenos_Aires,Buenos Aires en el año 2080,Aquiles Sioen,"India","India",India,Q668,"22.8,83",22.8,83,"India",Igon Hermanos,Buenos Aires,1879
Aquiles_Sioen_Buenos_Aires,Buenos Aires en el año 2080,Aquiles Sioen,"Borbon","Borbón",Pebble Island,Q1359998,"-51.303055555556,-59.629444444444",-51.303055555556,-59.629444444444,"Borbón",Igon Hermanos,Buenos Aires,1879
Aquiles_Sioen_Buenos_Aires,Buenos Aires en el año 2080,Aquiles Sioen,"Saint-Denis","Saint-Denis",Saint-Denis,Q160506,"48.935555555556,2.3538888888889",48.935555555556,2.3538888888889,"Saint-Denis",Igon Hermanos,Buenos Aires,1879
Aquiles_Sioen_Buenos_Aires,Buenos Aires en el año 2080,Aquiles Sioen,"Bombay","Bombay",Mumbai,Q1156,"19.075833333333332,72.8775",19.075833333333332,72.8775,"Bombay",Igon Hermanos,Buenos Aires,1879
Aquiles_Sioen_Buenos_Aires,Buenos Aires en el año 2080,Aquiles Sioen,"Paris","París",Paris,Q90,"48.85666666666667,2.352222222222222",48.85666666666667,2.352222222222222,"París",Igon Hermanos,Buenos Aires,1879
Aquiles_Sioen_Buenos_Aires,Buenos Aires en el año 2080,Aquiles Sioen,"Constancia","Constanza",Constance,Q3834,"47.663333333333,9.1752777777778",47.663333333333,9.1752777777778,"Constanza",Igon Hermanos,Buenos Aires,1879
Aquiles_Sioen_Buenos_Aires,Buenos Aires en el año 2080,Aquiles Sioen,"Catamarca","Catamarca",San Fernando del Valle de Catamarca,Q44162,"-28.468611111111,-65.779166666667",-28.468611111111,-65.779166666667,"Catamarca",Igon Hermanos,Buenos Aires,1879
Aquiles_Sioen_Buenos_Aires,Buenos Aires en el año 2080,Aquiles Sioen,"Gran Chaco","Gran Chaco",Gran Chaco,Q208347,"-19.1622,-61.4702",-19.1622,-61.4702,"Gran Chaco",Igon Hermanos,Buenos Aires,1879
Aquiles_Sioen_Buenos_Aires,Buenos Aires en el año 2080,Aquiles Sioen,"Jujuy","Jujuy",San Salvador de Jujuy,Q44217,"-24.185555555556,-65.299444444444",-24.185555555556,-65.299444444444,"Jujuy",Igon Hermanos,Buenos Aires,1879
Aquiles_Sioen_Buenos_Aires,Buenos Aires en el año 2080,Aquiles Sioen,"Rio Bermejo","Rio Bermejo",Río Bermejo,Q21846465,"-28.416388888889,-69.467222222222",-28.416388888889,-69.467222222222,"Rio Bermejo",Igon Hermanos,Buenos Aires,1879
Aquiles_Sioen_Buenos_Aires,Buenos Aires en el año 2080,Aquiles Sioen,"Paraguay","Paraguay",Asunción,Q2933,"-25.3,-57.633333333333",-25.3,-57.633333333333,"Paraguay",Igon Hermanos,Buenos Aires,1879
Aquiles_Sioen_Buenos_Aires,Buenos Aires en el año 2080,Aquiles Sioen,"Jujuy","Jujuy",San Salvador de Jujuy,Q44217,"-24.185555555556,-65.299444444444",-24.185555555556,-65.299444444444,"Jujuy",Igon Hermanos,Buenos Aires,1879
Aquiles_Sioen_Buenos_Aires,Buenos Aires en el año 2080,Aquiles Sioen,"Jujuy","Jujuy",San Salvador de Jujuy,Q44217,"-24.185555555556,-65.299444444444",-24.185555555556,-65.299444444444,"Jujuy",Igon Hermanos,Buenos Aires,1879
Aquiles_Sioen_Buenos_Aires,Buenos Aires en el año 2080,Aquiles Sioen,"Gran Chaco","Gran Chaco",Gran Chaco,Q208347,"-19.1622,-61.4702",-19.1622,-61.4702,"Gran Chaco",Igon Hermanos,Buenos Aires,1879
Aquiles_Sioen_Buenos_Aires,Buenos Aires en el año 2080,Aquiles Sioen,"Rio Santa Cruz","Río Santa Cruz",Santa Cruz River,Q1478566,"-50.13333333,-68.35",-50.13333333,-68.35,"Rio Santa Cruz",Igon Hermanos,Buenos Aires,1879
Aquiles_Sioen_Buenos_Aires,Buenos Aires en el año 2080,Aquiles Sioen,"Patagonia Austral","Patagonia Austral",Patagonia,Q1507,"-41.81015,-68.90627",-41.81015,-68.90627,"Patagonia Austral",Igon Hermanos,Buenos Aires,1879
Aquiles_Sioen_Buenos_Aires,Buenos Aires en el año 2080,Aquiles Sioen,"Coluguape","Coluguape",Lake General Carrera/Buenos Aires,Q503842,"-46.4375,-71.715",-46.4375,-71.715,"Coluguape",Igon Hermanos,Buenos Aires,1879
Aquiles_Sioen_Buenos_Aires,Buenos Aires en el año 2080,Aquiles Sioen,"Rioja","Rioja",La Rioja,Q44236,"-29.4130555556,-66.8558333333",-29.4130555556,-66.8558333333,"Rioja",Igon Hermanos,Buenos Aires,1879
Aquiles_Sioen_Buenos_Aires,Buenos Aires en el año 2080,Aquiles Sioen,"Andes del Norte","Andes del Norte",Andes,Q5456,"-32.65333333,-70.01166667",-32.65333333,-70.01166667,"Andes del Norte",Igon Hermanos,Buenos Aires,1879
Aquiles_Sioen_Buenos_Aires,Buenos Aires en el año 2080,Aquiles Sioen,"Buenos Aires","Buenos Aires",Buenos Aires,Q1486,"-34.599722222222,-58.381944444444",-34.599722222222,-58.381944444444,"Buenos Aires",Igon Hermanos,Buenos Aires,1879
Aquiles_Sioen_Buenos_Aires,Buenos Aires en el año 2080,Aquiles Sioen,"Africa","África",Africa,Q15,"21.09375,7.1881",21.09375,7.1881,"África",Igon Hermanos,Buenos Aires,1879
Aquiles_Sioen_Buenos_Aires,Buenos Aires en el año 2080,Aquiles Sioen,"Africa","África",Africa,Q15,"21.09375,7.1881",21.09375,7.1881,"África",Igon Hermanos,Buenos Aires,1879
Aquiles_Sioen_Buenos_Aires,Buenos Aires en el año 2080,Aquiles Sioen,"Mediterráneo","Mediterráneo",Mediterranean Sea,Q4918,"38,17",38,17,"Mediterráneo",Igon Hermanos,Buenos Aires,1879
Aquiles_Sioen_Buenos_Aires,Buenos Aires en el año 2080,Aquiles Sioen,"Africa","África",Africa,Q15,"21.09375,7.1881",21.09375,7.1881,"África",Igon Hermanos,Buenos Aires,1879
Aquiles_Sioen_Buenos_Aires,Buenos Aires en el año 2080,Aquiles Sioen,"Africa","África",Africa,Q15,"21.09375,7.1881",21.09375,7.1881,"África",Igon Hermanos,Buenos Aires,1879
Aquiles_Sioen_Buenos_Aires,Buenos Aires en el año 2080,Aquiles Sioen,"Francia","Francia",France,Q142,"47,2",47,2,"Francia",Igon Hermanos,Buenos Aires,1879
Aquiles_Sioen_Buenos_Aires,Buenos Aires en el año 2080,Aquiles Sioen,"Paris","París",Paris,Q90,"48.85666666666667,2.352222222222222",48.85666666666667,2.352222222222222,"París",Igon Hermanos,Buenos Aires,1879
Aquiles_Sioen_Buenos_Aires,Buenos Aires en el año 2080,Aquiles Sioen,"Borbon","Borbón",Pebble Island,Q1359998,"-51.303055555556,-59.629444444444",-51.303055555556,-59.629444444444,"Borbón",Igon Hermanos,Buenos Aires,1879
Aquiles_Sioen_Buenos_Aires,Buenos Aires en el año 2080,Aquiles Sioen,"Buenos Aires","Buenos Aires",Buenos Aires,Q1486,"-34.599722222222,-58.381944444444",-34.599722222222,-58.381944444444,"Buenos Aires",Igon Hermanos,Buenos Aires,1879
Aquiles_Sioen_Buenos_Aires,Buenos Aires en el año 2080,Aquiles Sioen,"Buenos Aires","Buenos Aires",Buenos Aires,Q1486,"-34.599722222222,-58.381944444444",-34.599722222222,-58.381944444444,"Buenos Aires",Igon Hermanos,Buenos Aires,1879
Aquiles_Sioen_Buenos_Aires,Buenos Aires en el año 2080,Aquiles Sioen,"Andes del Norte","Andes del Norte",Andes,Q5456,"-32.65333333,-70.01166667",-32.65333333,-70.01166667,"Andes del Norte",Igon Hermanos,Buenos Aires,1879
Aquiles_Sioen_Buenos_Aires,Buenos Aires en el año 2080,Aquiles Sioen,"Buenos Aires","Buenos Aires",Buenos Aires,Q1486,"-34.599722222222,-58.381944444444",-34.599722222222,-58.381944444444,"Buenos Aires",Igon Hermanos,Buenos Aires,1879
Aquiles_Sioen_Buenos_Aires,Buenos Aires en el año 2080,Aquiles Sioen,"Buenos Aires","Buenos Aires",Buenos Aires,Q1486,"-34.599722222222,-58.381944444444",-34.599722222222,-58.381944444444,"Buenos Aires",Igon Hermanos,Buenos Aires,1879
Aquiles_Sioen_Buenos_Aires,Buenos Aires en el año 2080,Aquiles Sioen,"golfo de Gascuña","golfo de Gascuña",Bay of Biscay,Q41573,"45.5,-4.4",45.5,-4.4,"golfo de Gascuña",Igon Hermanos,Buenos Aires,1879
Aquiles_Sioen_Buenos_Aires,Buenos Aires en el año 2080,Aquiles Sioen,"Buenos Aires","Buenos Aires",Buenos Aires,Q1486,"-34.599722222222,-58.381944444444",-34.599722222222,-58.381944444444,"Buenos Aires",Igon Hermanos,Buenos Aires,1879
Aquiles_Sioen_Buenos_Aires,Buenos Aires en el año 2080,Aquiles Sioen,"China","China",People's Republic of China,Q148,"35.844722222222224,103.45194444444445",35.844722222222224,103.45194444444445,"China",Igon Hermanos,Buenos Aires,1879
Aquiles_Sioen_Buenos_Aires,Buenos Aires en el año 2080,Aquiles Sioen,"Buenos Aires","Buenos Aires",Buenos Aires,Q1486,"-34.599722222222,-58.381944444444",-34.599722222222,-58.381944444444,"Buenos Aires",Igon Hermanos,Buenos Aires,1879
Aquiles_Sioen_Buenos_Aires,Buenos Aires en el año 2080,Aquiles Sioen,"Plaza de la Victoria","Plaza de la Victoria","Plaza de la Victoria",,,,,"Plaza de la Victoria",Igon Hermanos,Buenos Aires,1879
Aquiles_Sioen_Buenos_Aires,Buenos Aires en el año 2080,Aquiles Sioen,"Buenos Aires","Buenos Aires",Buenos Aires,Q1486,"-34.599722222222,-58.381944444444",-34.599722222222,-58.381944444444,"Buenos Aires",Igon Hermanos,Buenos Aires,1879
Aquiles_Sioen_Buenos_Aires,Buenos Aires en el año 2080,Aquiles Sioen,"Europa","Europa",Europe,Q46,"48.690959,9.14062",48.690959,9.14062,"Europa",Igon Hermanos,Buenos Aires,1879
Aquiles_Sioen_Buenos_Aires,Buenos Aires en el año 2080,Aquiles Sioen,"Roma","Roma",Rome,Q220,"41.893055555556,12.482777777778",41.893055555556,12.482777777778,"Roma",Igon Hermanos,Buenos Aires,1879
Aquiles_Sioen_Buenos_Aires,Buenos Aires en el año 2080,Aquiles Sioen,"Amiens","Amiens",Amiens,Q41604,"49.891944444444,2.2977777777778",49.891944444444,2.2977777777778,"Amiens",Igon Hermanos,Buenos Aires,1879
Aquiles_Sioen_Buenos_Aires,Buenos Aires en el año 2080,Aquiles Sioen,"Chartres","Chartres",Chartres,Q130272,"48.446666666667,1.4883333333333",48.446666666667,1.4883333333333,"Chartres",Igon Hermanos,Buenos Aires,1879
Aquiles_Sioen_Buenos_Aires,Buenos Aires en el año 2080,Aquiles Sioen,"Milan","Milan",Milan,Q490,"45.466944444444,9.19",45.466944444444,9.19,"Milan",Igon Hermanos,Buenos Aires,1879
Aquiles_Sioen_Buenos_Aires,Buenos Aires en el año 2080,Aquiles Sioen,"Westminster","Westminster",City of Westminster,Q179351,"51.4975,-0.13722222222222",51.4975,-0.13722222222222,"Westminster",Igon Hermanos,Buenos Aires,1879
Aquiles_Sioen_Buenos_Aires,Buenos Aires en el año 2080,Aquiles Sioen,"San Pedro de Roma","San Pedro de Roma",St. Peter's Basilica,Q12512,"41.90222222222222,12.453416666666667",41.90222222222222,12.453416666666667,"San Pedro de Roma",Igon Hermanos,Buenos Aires,1879
Aquiles_Sioen_Buenos_Aires,Buenos Aires en el año 2080,Aquiles Sioen,"Santa Sofía","Santa Sofía",Santa Sofia,Q30030283,"43.94724,11.90867",43.94724,11.90867,"Santa Sofía",Igon Hermanos,Buenos Aires,1879
Aquiles_Sioen_Buenos_Aires,Buenos Aires en el año 2080,Aquiles Sioen,"Constantinopla","Constantinopla",Constantinople,Q16869,"41.0125,28.98",41.0125,28.98,"Constantinopla",Igon Hermanos,Buenos Aires,1879
Aquiles_Sioen_Buenos_Aires,Buenos Aires en el año 2080,Aquiles Sioen,"Atenas","Atenas",Athens,Q1524,"37.98416666666667,23.728055555555557",37.98416666666667,23.728055555555557,"Atenas",Igon Hermanos,Buenos Aires,1879
Aquiles_Sioen_Buenos_Aires,Buenos Aires en el año 2080,Aquiles Sioen,"Efeso","Efeso",Ephesus,Q47611,"37.939722,27.348611",37.939722,27.348611,"Efeso",Igon Hermanos,Buenos Aires,1879
Aquiles_Sioen_Buenos_Aires,Buenos Aires en el año 2080,Aquiles Sioen,"Jerusalem","Jerusalem",Jerusalem,Q1218,"31.77888888888889,35.22555555555556",31.77888888888889,35.22555555555556,"Jerusalem",Igon Hermanos,Buenos Aires,1879
Aquiles_Sioen_Buenos_Aires,Buenos Aires en el año 2080,Aquiles Sioen,"Pekin","Pekín",Beijing,Q956,"39.90403,116.407526",39.90403,116.407526,"Pekin",Igon Hermanos,Buenos Aires,1879
Aquiles_Sioen_Buenos_Aires,Buenos Aires en el año 2080,Aquiles Sioen,"Lahore","Lahore",Lahore,Q11739,"31.549722222222,74.343611111111",31.549722222222,74.343611111111,"Lahore",Igon Hermanos,Buenos Aires,1879
Aquiles_Sioen_Buenos_Aires,Buenos Aires en el año 2080,Aquiles Sioen,"Dehli","Dehli",Delhi,Q1353,"28.666666666667,77.216666666667",28.666666666667,77.216666666667,"Dehli",Igon Hermanos,Buenos Aires,1879
Aquiles_Sioen_Buenos_Aires,Buenos Aires en el año 2080,Aquiles Sioen,"Ceylan","Ceylan",Sri Lanka,Q854,"7,81",7,81,"Ceylan",Igon Hermanos,Buenos Aires,1879
Aquiles_Sioen_Buenos_Aires,Buenos Aires en el año 2080,Aquiles Sioen,"Buenos Aires","Buenos Aires",Buenos Aires,Q1486,"-34.599722222222,-58.381944444444",-34.599722222222,-58.381944444444,"Buenos Aires",Igon Hermanos,Buenos Aires,1879
Aquiles_Sioen_Buenos_Aires,Buenos Aires en el año 2080,Aquiles Sioen,"Roma","Roma",Rome,Q220,"41.893055555556,12.482777777778",41.893055555556,12.482777777778,"Roma",Igon Hermanos,Buenos Aires,1879
Aquiles_Sioen_Buenos_Aires,Buenos Aires en el año 2080,Aquiles Sioen,"Rouen","Rouen",Rouen,Q30974,"49.443055555556,1.1025",49.443055555556,1.1025,"Rouen",Igon Hermanos,Buenos Aires,1879
Aquiles_Sioen_Buenos_Aires,Buenos Aires en el año 2080,Aquiles Sioen,"Milan","Milan",Milan,Q490,"45.466944444444,9.19",45.466944444444,9.19,"Milan",Igon Hermanos,Buenos Aires,1879
Aquiles_Sioen_Buenos_Aires,Buenos Aires en el año 2080,Aquiles Sioen,"Buenos Aires","Buenos Aires",Buenos Aires,Q1486,"-34.599722222222,-58.381944444444",-34.599722222222,-58.381944444444,"Buenos Aires",Igon Hermanos,Buenos Aires,1879
Aquiles_Sioen_Buenos_Aires,Buenos Aires en el año 2080,Aquiles Sioen,"Buenos Aires","Buenos Aires",Buenos Aires,Q1486,"-34.599722222222,-58.381944444444",-34.599722222222,-58.381944444444,"Buenos Aires",Igon Hermanos,Buenos Aires,1879
Aquiles_Sioen_Buenos_Aires,Buenos Aires en el año 2080,Aquiles Sioen,"plaza Roca","plaza Roca","plaza Roca",,,,,"plaza Roca",Igon Hermanos,Buenos Aires,1879
Aquiles_Sioen_Buenos_Aires,Buenos Aires en el año 2080,Aquiles Sioen,"Rio Negro","Rio Negro",Río Negro,Q56130,"-40.79615,-73.21614",-40.79615,-73.21614,"Rio Negro",Igon Hermanos,Buenos Aires,1879
Aquiles_Sioen_Buenos_Aires,Buenos Aires en el año 2080,Aquiles Sioen,"Gran Chaco","Gran Chaco",Gran Chaco,Q208347,"-19.1622,-61.4702",-19.1622,-61.4702,"Gran Chaco",Igon Hermanos,Buenos Aires,1879
Aquiles_Sioen_Buenos_Aires,Buenos Aires en el año 2080,Aquiles Sioen,"Atenas","Atenas",Athens,Q1524,"37.98416666666667,23.728055555555557",37.98416666666667,23.728055555555557,"Atenas",Igon Hermanos,Buenos Aires,1879
Aquiles_Sioen_Buenos_Aires,Buenos Aires en el año 2080,Aquiles Sioen,"Buenos Aires","Buenos Aires",Buenos Aires,Q1486,"-34.599722222222,-58.381944444444",-34.599722222222,-58.381944444444,"Buenos Aires",Igon Hermanos,Buenos Aires,1879
Aquiles_Sioen_Buenos_Aires,Buenos Aires en el año 2080,Aquiles Sioen,"Buenos Aires","Buenos Aires",Buenos Aires,Q1486,"-34.599722222222,-58.381944444444",-34.599722222222,-58.381944444444,"Buenos Aires",Igon Hermanos,Buenos Aires,1879
Aquiles_Sioen_Buenos_Aires,Buenos Aires en el año 2080,Aquiles Sioen,"Tupungato","Tupungato",Tupungato,Q3542234,"-33.3728,-69.1475",-33.3728,-69.1475,"Tupungato",Igon Hermanos,Buenos Aires,1879
Aquiles_Sioen_Buenos_Aires,Buenos Aires en el año 2080,Aquiles Sioen,"Santiago","Santiago",Santiago,Q2887,"-33.4375,-70.65",-33.4375,-70.65,"Santiago",Igon Hermanos,Buenos Aires,1879
Aquiles_Sioen_Buenos_Aires,Buenos Aires en el año 2080,Aquiles Sioen,"Buenos Aires","Buenos Aires",Buenos Aires,Q1486,"-34.599722222222,-58.381944444444",-34.599722222222,-58.381944444444,"Buenos Aires",Igon Hermanos,Buenos Aires,1879
Aquiles_Sioen_Buenos_Aires,Buenos Aires en el año 2080,Aquiles Sioen,"Buenos Aires","Buenos Aires",Buenos Aires,Q1486,"-34.599722222222,-58.381944444444",-34.599722222222,-58.381944444444,"Buenos Aires",Igon Hermanos,Buenos Aires,1879
Aquiles_Sioen_Buenos_Aires,Buenos Aires en el año 2080,Aquiles Sioen,"Andes","Andes",Andes,Q5456,"-32.65333333,-70.01166667",-32.65333333,-70.01166667,"Andes",Igon Hermanos,Buenos Aires,1879
Aquiles_Sioen_Buenos_Aires,Buenos Aires en el año 2080,Aquiles Sioen,"Buenos Aires","Buenos Aires",Buenos Aires,Q1486,"-34.599722222222,-58.381944444444",-34.599722222222,-58.381944444444,"Buenos Aires",Igon Hermanos,Buenos Aires,1879
Aquiles_Sioen_Buenos_Aires,Buenos Aires en el año 2080,Aquiles Sioen,"Pampa","Pampa",pampa,Q184382,"-35,-62",-35,-62,"Pampa",Igon Hermanos,Buenos Aires,1879
Aquiles_Sioen_Buenos_Aires,Buenos Aires en el año 2080,Aquiles Sioen,"República Argentina","República Argentina",Argentina,Q414,"-34,-64",-34,-64,"República Argentina",Igon Hermanos,Buenos Aires,1879
Aquiles_Sioen_Buenos_Aires,Buenos Aires en el año 2080,Aquiles Sioen,"América del Sur","América del Sur",South America,Q18,"-21,-59",-21,-59,"América del Sur",Igon Hermanos,Buenos Aires,1879
Aquiles_Sioen_Buenos_Aires,Buenos Aires en el año 2080,Aquiles Sioen,"India","India",India,Q668,"22.8,83",22.8,83,"India",Igon Hermanos,Buenos Aires,1879
Aquiles_Sioen_Buenos_Aires,Buenos Aires en el año 2080,Aquiles Sioen,"Alemania","Alemania",Germany,Q183,"51,10",51,10,"Alemania",Igon Hermanos,Buenos Aires,1879
Aquiles_Sioen_Buenos_Aires,Buenos Aires en el año 2080,Aquiles Sioen,"Lapona","Lapona",Laponia,Q1142955,"68,26",68,26,"Lapona",Igon Hermanos,Buenos Aires,1879
Aquiles_Sioen_Buenos_Aires,Buenos Aires en el año 2080,Aquiles Sioen,"Lóndres","Lóndres",London,Q84,"51.507222222222,-0.1275",51.507222222222,-0.1275,"Lóndres",Igon Hermanos,Buenos Aires,1879
Aquiles_Sioen_Buenos_Aires,Buenos Aires en el año 2080,Aquiles Sioen,"República Argentina","República Argentina",Argentina,Q414,"-34,-64",-34,-64,"República Argentina",Igon Hermanos,Buenos Aires,1879
Aquiles_Sioen_Buenos_Aires,Buenos Aires en el año 2080,Aquiles Sioen,"China","China",People's Republic of China,Q148,"35.844722222222224,103.45194444444445",35.844722222222224,103.45194444444445,"China",Igon Hermanos,Buenos Aires,1879
Aquiles_Sioen_Buenos_Aires,Buenos Aires en el año 2080,Aquiles Sioen,"Argentina","Argentina",Argentina,Q414,"-34,-64",-34,-64,"Argentina",Igon Hermanos,Buenos Aires,1879
Aquiles_Sioen_Buenos_Aires,Buenos Aires en el año 2080,Aquiles Sioen,"Cordilleras de los Andes","Cordillera de los Andes",Andes,Q5456,"-32.65333333,-70.01166667",-32.65333333,-70.01166667,"Cordilleras",Igon Hermanos,Buenos Aires,1879
Aquiles_Sioen_Buenos_Aires,Buenos Aires en el año 2080,Aquiles Sioen,"Andes","Andes",Andes,Q5456,"-32.65333333,-70.01166667",-32.65333333,-70.01166667,"Andes",Igon Hermanos,Buenos Aires,1879
Aquiles_Sioen_Buenos_Aires,Buenos Aires en el año 2080,Aquiles Sioen,"Buenos Aires","Buenos Aires",Buenos Aires,Q1486,"-34.599722222222,-58.381944444444",-34.599722222222,-58.381944444444,"Buenos Aires",Igon Hermanos,Buenos Aires,1879
Aquiles_Sioen_Buenos_Aires,Buenos Aires en el año 2080,Aquiles Sioen,"San Juan","San Juan",San Juan,Q44241,"-31.5375,-68.536388888889",-31.5375,-68.536388888889,"San Juan",Igon Hermanos,Buenos Aires,1879
Aquiles_Sioen_Buenos_Aires,Buenos Aires en el año 2080,Aquiles Sioen,"Paris","París",Paris,Q90,"48.85666666666667,2.352222222222222",48.85666666666667,2.352222222222222,"París",Igon Hermanos,Buenos Aires,1879
Aquiles_Sioen_Buenos_Aires,Buenos Aires en el año 2080,Aquiles Sioen,"Montpellier","Montpellier",Montpellier,Q6441,"43.610919444444,3.8772305555556",43.610919444444,3.8772305555556,"Montpellier",Igon Hermanos,Buenos Aires,1879
Aquiles_Sioen_Buenos_Aires,Buenos Aires en el año 2080,Aquiles Sioen,"Chalon Sur Saone","Chalon Sur Saone",Chalon-sur-Saône,Q203645,"46.781111111111,4.8538888888889",46.781111111111,4.8538888888889,"Chalon Sur Saone",Igon Hermanos,Buenos Aires,1879
Aquiles_Sioen_Buenos_Aires,Buenos Aires en el año 2080,Aquiles Sioen,"Egipto","Egipto",Egypt,Q79,"27,29",27,29,"Egipto",Igon Hermanos,Buenos Aires,1879
Aquiles_Sioen_Buenos_Aires,Buenos Aires en el año 2080,Aquiles Sioen,"Dublin","Dublín",Dublin,Q837109,"37.714167,-121.9125",37.714167,-121.9125,"Dublín",Igon Hermanos,Buenos Aires,1879
Aquiles_Sioen_Buenos_Aires,Buenos Aires en el año 2080,Aquiles Sioen,"isla de Borbon","isla de Borbón",Pebble Island,Q1359998,"-51.303055555556,-59.629444444444",-51.303055555556,-59.629444444444,"isla de Borbón",Igon Hermanos,Buenos Aires,1879
Aquiles_Sioen_Buenos_Aires,Buenos Aires en el año 2080,Aquiles Sioen,"Andes del Norte","Andes del Norte",Andes,Q5456,"-32.65333333,-70.01166667",-32.65333333,-70.01166667,"Andes del Norte",Igon Hermanos,Buenos Aires,1879
Aquiles_Sioen_Buenos_Aires,Buenos Aires en el año 2080,Aquiles Sioen,"Jujuy","Jujuy",San Salvador de Jujuy,Q44217,"-24.185555555556,-65.299444444444",-24.185555555556,-65.299444444444,"Jujuy",Igon Hermanos,Buenos Aires,1879
Aquiles_Sioen_Buenos_Aires,Buenos Aires en el año 2080,Aquiles Sioen,"Gran Chaco","Gran Chaco",Gran Chaco,Q208347,"-19.1622,-61.4702",-19.1622,-61.4702,"Gran Chaco",Igon Hermanos,Buenos Aires,1879
Aquiles_Sioen_Buenos_Aires,Buenos Aires en el año 2080,Aquiles Sioen,"Andes","Andes",Andes,Q5456,"-32.65333333,-70.01166667",-32.65333333,-70.01166667,"Andes",Igon Hermanos,Buenos Aires,1879
Aquiles_Sioen_Buenos_Aires,Buenos Aires en el año 2080,Aquiles Sioen,"Rio de la Plata","Río de la Plata",Río de la Plata,Q35827,"-34.883055555556,-56.713611111111",-34.883055555556,-56.713611111111,"Río de la Plata",Igon Hermanos,Buenos Aires,1879
Aquiles_Sioen_Buenos_Aires,Buenos Aires en el año 2080,Aquiles Sioen,"India","India",India,Q668,"22.8,83",22.8,83,"India",Igon Hermanos,Buenos Aires,1879
Aquiles_Sioen_Buenos_Aires,Buenos Aires en el año 2080,Aquiles Sioen,"Cabo de Buena Esperanza","Cabo de Buena Esperanza",Cape of Good Hope,Q4092,"-34.358055555556,18.471944444444",-34.358055555556,18.471944444444,"Cabo de Buena Esperanza",Igon Hermanos,Buenos Aires,1879
Aquiles_Sioen_Buenos_Aires,Buenos Aires en el año 2080,Aquiles Sioen,"Borbon","Borbón",Pebble Island,Q1359998,"-51.303055555556,-59.629444444444",-51.303055555556,-59.629444444444,"Borbón",Igon Hermanos,Buenos Aires,1879
Aquiles_Sioen_Buenos_Aires,Buenos Aires en el año 2080,Aquiles Sioen,"Buenos Aires","Buenos Aires",Buenos Aires,Q1486,"-34.599722222222,-58.381944444444",-34.599722222222,-58.381944444444,"Buenos Aires",Igon Hermanos,Buenos Aires,1879
Aquiles_Sioen_Buenos_Aires,Buenos Aires en el año 2080,Aquiles Sioen,"Paris","París",Paris,Q90,"48.85666666666667,2.352222222222222",48.85666666666667,2.352222222222222,"París",Igon Hermanos,Buenos Aires,1879
Aquiles_Sioen_Buenos_Aires,Buenos Aires en el año 2080,Aquiles Sioen,"Rio Negro","Rio Negro",Río Negro,Q56130,"-40.79615,-73.21614",-40.79615,-73.21614,"Rio Negro",Igon Hermanos,Buenos Aires,1879
Aquiles_Sioen_Buenos_Aires,Buenos Aires en el año 2080,Aquiles Sioen,"Buenos Aires","Buenos Aires",Buenos Aires,Q1486,"-34.599722222222,-58.381944444444",-34.599722222222,-58.381944444444,"Buenos Aires",Igon Hermanos,Buenos Aires,1879
Aquiles_Sioen_Buenos_Aires,Buenos Aires en el año 2080,Aquiles Sioen,"India","India",India,Q668,"22.8,83",22.8,83,"India",Igon Hermanos,Buenos Aires,1879
Aquiles_Sioen_Buenos_Aires,Buenos Aires en el año 2080,Aquiles Sioen,"Buenos Aires","Buenos Aires",Buenos Aires,Q1486,"-34.599722222222,-58.381944444444",-34.599722222222,-58.381944444444,"Buenos Aires",Igon Hermanos,Buenos Aires,1879
Aquiles_Sioen_Buenos_Aires,Buenos Aires en el año 2080,Aquiles Sioen,"Rio Negro","Río Negro",Río Negro,Q56130,"-40.79615,-73.21614",-40.79615,-73.21614,"Río Negro",Igon Hermanos,Buenos Aires,1879
Aquiles_Sioen_Buenos_Aires,Buenos Aires en el año 2080,Aquiles Sioen,"Cabo de Buena Esperanza","Cabo de Buena Esperanza",Cape of Good Hope,Q4092,"-34.358055555556,18.471944444444",-34.358055555556,18.471944444444,"Cabo de Buena Esperanza",Igon Hermanos,Buenos Aires,1879
Aquiles_Sioen_Buenos_Aires,Buenos Aires en el año 2080,Aquiles Sioen,"Borbon","Borbón",Pebble Island,Q1359998,"-51.303055555556,-59.629444444444",-51.303055555556,-59.629444444444,"Borbón",Igon Hermanos,Buenos Aires,1879
Aquiles_Sioen_Buenos_Aires,Buenos Aires en el año 2080,Aquiles Sioen,"Madagascar","Madagascar",Madagascar,Q1019,"-20,47",-20,47,"Madagascar",Igon Hermanos,Buenos Aires,1879
Aquiles_Sioen_Buenos_Aires,Buenos Aires en el año 2080,Aquiles Sioen,"Buenos Aires","Buenos Aires",Buenos Aires,Q1486,"-34.599722222222,-58.381944444444",-34.599722222222,-58.381944444444,"Buenos Aires",Igon Hermanos,Buenos Aires,1879
Aquiles_Sioen_Buenos_Aires,Buenos Aires en el año 2080,Aquiles Sioen,"Bahía Blanca","Bahía Blanca",Bahía Blanca,Q54108,"-38.716666666667,-62.266666666667",-38.716666666667,-62.266666666667,"Bahía Blanca",Igon Hermanos,Buenos Aires,1879
Aquiles_Sioen_Buenos_Aires,Buenos Aires en el año 2080,Aquiles Sioen,"Bahía Blanca","Bahía Blanca",Bahía Blanca,Q54108,"-38.716666666667,-62.266666666667",-38.716666666667,-62.266666666667,"Bahía Blanca",Igon Hermanos,Buenos Aires,1879
Aquiles_Sioen_Buenos_Aires,Buenos Aires en el año 2080,Aquiles Sioen,"San Cristobal","San Cristóbal",San Cristóbal,Q2064416,"-34.6235,-58.3977",-34.6235,-58.3977,"San Cristobal",Igon Hermanos,Buenos Aires,1879
Aquiles_Sioen_Buenos_Aires,Buenos Aires en el año 2080,Aquiles Sioen,"Andes del Norte","Andes del Norte",Andes,Q5456,"-32.65333333,-70.01166667",-32.65333333,-70.01166667,"Andes del Norte",Igon Hermanos,Buenos Aires,1879
eduardo_l_holmberg_horacio_kalibang,Horacio Kalibang o los autómatas,Eduardo L. Holmberg,"BUENOS AIRES",Buenos Aires,Buenos Aires,Q1486,"-34.599722222222,-58.381944444444",-34.599722222222,-58.381944444444,Buenos Aires,El album del hogar,Buenos Aires,1879
eduardo_l_holmberg_horacio_kalibang,Horacio Kalibang o los autómatas,Eduardo L. Holmberg,"Buenos Aires","Buenos Aires",Buenos Aires,Q1486,"-34.599722222222,-58.381944444444",-34.599722222222,-58.381944444444,"Buenos Aires",El album del hogar,Buenos Aires,1879
eduardo_l_holmberg_horacio_kalibang,Horacio Kalibang o los autómatas,Eduardo L. Holmberg,"Rhin","Rin",Rhin,Q21198444,"52.745,12.2214",52.745,12.2214,"Rin",El album del hogar,Buenos Aires,1879
eduardo_l_holmberg_horacio_kalibang,Horacio Kalibang o los autómatas,Eduardo L. Holmberg,"Rhin","Rin",Rhin,Q21198444,"52.745,12.2214",52.745,12.2214,"Rin",El album del hogar,Buenos Aires,1879
eduardo_l_holmberg_horacio_kalibang,Horacio Kalibang o los autómatas,Eduardo L. Holmberg,"Pomerania","Pomerania",Pomerania,Q104520,"54.29443,18.15312",54.29443,18.15312,"Pomerania",El album del hogar,Buenos Aires,1879
eduardo_l_holmberg_horacio_kalibang,Horacio Kalibang o los autómatas,Eduardo L. Holmberg,"Pomerania","Pomerania",Pomerania,Q104520,"54.29443,18.15312",54.29443,18.15312,"Pomerania",El album del hogar,Buenos Aires,1879
eduardo_l_holmberg_horacio_kalibang,Horacio Kalibang o los autómatas,Eduardo L. Holmberg,"Selva Negra","Selva Negra",Black Forest,Q4204,"48.3,8.15",48.3,8.15,"Selva Negra",El album del hogar,Buenos Aires,1879
eduardo_l_holmberg_horacio_kalibang,Horacio Kalibang o los autómatas,Eduardo L. Holmberg,"Rhin","Rin",Rhin,Q21198444,"52.745,12.2214",52.745,12.2214,"Rin",El album del hogar,Buenos Aires,1879
eduardo_l_holmberg_horacio_kalibang,Horacio Kalibang o los autómatas,Eduardo L. Holmberg,"Rhin","Rin",Rhin,Q21198444,"52.745,12.2214",52.745,12.2214,"Rin",El album del hogar,Buenos Aires,1879
eduardo_l_holmberg_horacio_kalibang,Horacio Kalibang o los autómatas,Eduardo L. Holmberg,"Alemania","Alemania",Germany,Q183,"51,10",51,10,"Alemania",El album del hogar,Buenos Aires,1879
eduardo_l_holmberg_horacio_kalibang,Horacio Kalibang o los autómatas,Eduardo L. Holmberg,"Rhin","Rin",Rhin,Q21198444,"52.745,12.2214",52.745,12.2214,"Rin",El album del hogar,Buenos Aires,1879
eduardo_l_holmberg_horacio_kalibang,Horacio Kalibang o los autómatas,Eduardo L. Holmberg,"Alemania","Alemania",Germany,Q183,"51,10",51,10,"Alemania",El album del hogar,Buenos Aires,1879
eduardo_l_holmberg_horacio_kalibang,Horacio Kalibang o los autómatas,Eduardo L. Holmberg,"Europa","Europa",Europe,Q46,"48.690959,9.14062",48.690959,9.14062,"Europa",El album del hogar,Buenos Aires,1879
eduardo_l_holmberg_horacio_kalibang,Horacio Kalibang o los autómatas,Eduardo L. Holmberg,"América","América",América,Q2400442,"-35.483333333333,-62.966666666667",-35.483333333333,-62.966666666667,"América",El album del hogar,Buenos Aires,1879
eduardo_l_holmberg_horacio_kalibang,Horacio Kalibang o los autómatas,Eduardo L. Holmberg,"Berlin","Berlín",Berlin,Q64,"52.516666666667,13.383333333333",52.516666666667,13.383333333333,"Berlín",El album del hogar,Buenos Aires,1879
Julian_del_Portillo_Lima,Lima de aquí a cien años,Julián M. del Portillo,"LIMA",Lima,Lima,Q2868,"-12.06,-77.0375",-12.06,-77.0375,Lima,Imprenta del Comercio,Lima,1843
Julian_del_Portillo_Lima,Lima de aquí a cien años,Julián M. del Portillo,"LIMA",Lima,Lima,Q2868,"-12.06,-77.0375",-12.06,-77.0375,Lima,Imprenta del Comercio,Lima,1843
Julian_del_Portillo_Lima,Lima de aquí a cien años,Julián M. del Portillo,"Lima","Lima",Lima,Q2868,"-12.06,-77.0375",-12.06,-77.0375,"Lima",Imprenta del Comercio,Lima,1843
Julian_del_Portillo_Lima,Lima de aquí a cien años,Julián M. del Portillo,"SAN PETERSBURGO",San Petersburgo,Saint Petersburg,Q656,"59.95,30.316666666667",59.95,30.316666666667,San Petersburgo,Imprenta del Comercio,Lima,1843
Julian_del_Portillo_Lima,Lima de aquí a cien años,Julián M. del Portillo,"Miraflores","Miraflores",Miraflores,Q1026229,"-12.12091,-77.02893",-12.12091,-77.02893,"Miraflores",Imprenta del Comercio,Lima,1843
Julian_del_Portillo_Lima,Lima de aquí a cien años,Julián M. del Portillo,"Europa","Europa",Europe,Q46,"48.690959,9.14062",48.690959,9.14062,"Europa",Imprenta del Comercio,Lima,1843
Julian_del_Portillo_Lima,Lima de aquí a cien años,Julián M. del Portillo,"Amancaes","Amancaes",Q49600538,Q49600538,"-12.016666666667,-77.033333333333",-12.016666666667,-77.033333333333,"Amancaes",Imprenta del Comercio,Lima,1843
Julian_del_Portillo_Lima,Lima de aquí a cien años,Julián M. del Portillo,"Alameda del Paraiso","Alameda del Paraiso","Alameda del Paraiso",,,,,"Alameda del Paraiso",Imprenta del Comercio,Lima,1843
Julian_del_Portillo_Lima,Lima de aquí a cien años,Julián M. del Portillo,"China","China",People's Republic of China,Q148,"35.844722222222224,103.45194444444445",35.844722222222224,103.45194444444445,"China",Imprenta del Comercio,Lima,1843
Julian_del_Portillo_Lima,Lima de aquí a cien años,Julián M. del Portillo,"Amancaes","Amancaes",Q49600538,Q49600538,"-12.016666666667,-77.033333333333",-12.016666666667,-77.033333333333,"Amancaes",Imprenta del Comercio,Lima,1843
Julian_del_Portillo_Lima,Lima de aquí a cien años,Julián M. del Portillo,"Lima","Lima",Lima,Q2868,"-12.06,-77.0375",-12.06,-77.0375,"Lima",Imprenta del Comercio,Lima,1843
Julian_del_Portillo_Lima,Lima de aquí a cien años,Julián M. del Portillo,"Amancaes","Amancaes",Q49600538,Q49600538,"-12.016666666667,-77.033333333333",-12.016666666667,-77.033333333333,"Amancaes",Imprenta del Comercio,Lima,1843
Julian_del_Portillo_Lima,Lima de aquí a cien años,Julián M. del Portillo,"Amancaes","Amancaes",Q49600538,Q49600538,"-12.016666666667,-77.033333333333",-12.016666666667,-77.033333333333,"Amancaes",Imprenta del Comercio,Lima,1843
Julian_del_Portillo_Lima,Lima de aquí a cien años,Julián M. del Portillo,"Amancaes","Amancaes",Q49600538,Q49600538,"-12.016666666667,-77.033333333333",-12.016666666667,-77.033333333333,"Amancaes",Imprenta del Comercio,Lima,1843
Julian_del_Portillo_Lima,Lima de aquí a cien años,Julián M. del Portillo,"Pisco","Pisco",Pisco,Q290504,"-13.709980555556,-76.203205555556",-13.709980555556,-76.203205555556,"Pisco",Imprenta del Comercio,Lima,1843
Julian_del_Portillo_Lima,Lima de aquí a cien años,Julián M. del Portillo,"Málaga","Málaga",Málaga City,Q116450968,"36.72016,-4.42034",36.72016,-4.42034,"Málaga",Imprenta del Comercio,Lima,1843
Julian_del_Portillo_Lima,Lima de aquí a cien años,Julián M. del Portillo,"Burdeos","Burdeos",Bordeaux,Q1479,"44.837777777778,-0.57944444444444",44.837777777778,-0.57944444444444,"Burdeos",Imprenta del Comercio,Lima,1843
Julian_del_Portillo_Lima,Lima de aquí a cien años,Julián M. del Portillo,"Monserrat","Monserrat",Monserrate,Q124092801,"-12.042210992672974,-77.03940995397222",-12.042210992672974,-77.03940995397222,"Monserrat",Imprenta del Comercio,Lima,1843
Julian_del_Portillo_Lima,Lima de aquí a cien años,Julián M. del Portillo,"Pisco","Pisco",Pisco,Q290504,"-13.709980555556,-76.203205555556",-13.709980555556,-76.203205555556,"Pisco",Imprenta del Comercio,Lima,1843
Julian_del_Portillo_Lima,Lima de aquí a cien años,Julián M. del Portillo,"Rusia","Rusia",Russia,Q159,"66.41666666666667,94.25",66.41666666666667,94.25,"Rusia",Imprenta del Comercio,Lima,1843
Julian_del_Portillo_Lima,Lima de aquí a cien años,Julián M. del Portillo,"Amancaes","Amancaes",Q49600538,Q49600538,"-12.016666666667,-77.033333333333",-12.016666666667,-77.033333333333,"Amancaes",Imprenta del Comercio,Lima,1843
Julian_del_Portillo_Lima,Lima de aquí a cien años,Julián M. del Portillo,"Amancaes","Amancaes",Q49600538,Q49600538,"-12.016666666667,-77.033333333333",-12.016666666667,-77.033333333333,"Amancaes",Imprenta del Comercio,Lima,1843
Julian_del_Portillo_Lima,Lima de aquí a cien años,Julián M. del Portillo,"Amancaes","Amancaes",Q49600538,Q49600538,"-12.016666666667,-77.033333333333",-12.016666666667,-77.033333333333,"Amancaes",Imprenta del Comercio,Lima,1843
Julian_del_Portillo_Lima,Lima de aquí a cien años,Julián M. del Portillo,"Amancaes","Amancaes",Q49600538,Q49600538,"-12.016666666667,-77.033333333333",-12.016666666667,-77.033333333333,"Amancaes",Imprenta del Comercio,Lima,1843
Julian_del_Portillo_Lima,Lima de aquí a cien años,Julián M. del Portillo,"Amancaes","Amancaes",Q49600538,Q49600538,"-12.016666666667,-77.033333333333",-12.016666666667,-77.033333333333,"Amancaes",Imprenta del Comercio,Lima,1843
Julian_del_Portillo_Lima,Lima de aquí a cien años,Julián M. del Portillo,"Perú","Perú",Peru,Q419,"-9.4,-76",-9.4,-76,"Perú",Imprenta del Comercio,Lima,1843
Julian_del_Portillo_Lima,Lima de aquí a cien años,Julián M. del Portillo,"Peru","Perú",Peru,Q419,"-9.4,-76",-9.4,-76,"Perú",Imprenta del Comercio,Lima,1843
Julian_del_Portillo_Lima,Lima de aquí a cien años,Julián M. del Portillo,"Perú","Perú",Peru,Q419,"-9.4,-76",-9.4,-76,"Perú",Imprenta del Comercio,Lima,1843
Julian_del_Portillo_Lima,Lima de aquí a cien años,Julián M. del Portillo,"Ninive","Nínive",Nineveh,Q5680,"36.366667,43.15",36.366667,43.15,"Nínive",Imprenta del Comercio,Lima,1843
Julian_del_Portillo_Lima,Lima de aquí a cien años,Julián M. del Portillo,"Perú","Perú",Peru,Q419,"-9.4,-76",-9.4,-76,"Perú",Imprenta del Comercio,Lima,1843
Julian_del_Portillo_Lima,Lima de aquí a cien años,Julián M. del Portillo,"Perú","Perú",Peru,Q419,"-9.4,-76",-9.4,-76,"Perú",Imprenta del Comercio,Lima,1843
Julian_del_Portillo_Lima,Lima de aquí a cien años,Julián M. del Portillo,"Europa","Europa",Europe,Q46,"48.690959,9.14062",48.690959,9.14062,"Europa",Imprenta del Comercio,Lima,1843
Julian_del_Portillo_Lima,Lima de aquí a cien años,Julián M. del Portillo,"Asia","Asia",Asia,Q48,"43.681111111111115,87.33111111111111",43.681111111111115,87.33111111111111,"Asia",Imprenta del Comercio,Lima,1843
Julian_del_Portillo_Lima,Lima de aquí a cien años,Julián M. del Portillo,"America","América",América,Q2400442,"-35.483333333333,-62.966666666667",-35.483333333333,-62.966666666667,"América",Imprenta del Comercio,Lima,1843
Julian_del_Portillo_Lima,Lima de aquí a cien años,Julián M. del Portillo,"Perú","Perú",Peru,Q419,"-9.4,-76",-9.4,-76,"Perú",Imprenta del Comercio,Lima,1843
Julian_del_Portillo_Lima,Lima de aquí a cien años,Julián M. del Portillo,"Perú","Perú",Peru,Q419,"-9.4,-76",-9.4,-76,"Perú",Imprenta del Comercio,Lima,1843
Julian_del_Portillo_Lima,Lima de aquí a cien años,Julián M. del Portillo,"Perú","Perú",Peru,Q419,"-9.4,-76",-9.4,-76,"Perú",Imprenta del Comercio,Lima,1843
Julian_del_Portillo_Lima,Lima de aquí a cien años,Julián M. del Portillo,"Lima","Lima",Lima,Q2868,"-12.06,-77.0375",-12.06,-77.0375,"Lima",Imprenta del Comercio,Lima,1843
Julian_del_Portillo_Lima,Lima de aquí a cien años,Julián M. del Portillo,"Paris","París",Paris,Q90,"48.85666666666667,2.352222222222222",48.85666666666667,2.352222222222222,"París",Imprenta del Comercio,Lima,1843
Julian_del_Portillo_Lima,Lima de aquí a cien años,Julián M. del Portillo,"Lima","Lima",Lima,Q2868,"-12.06,-77.0375",-12.06,-77.0375,"Lima",Imprenta del Comercio,Lima,1843
Julian_del_Portillo_Lima,Lima de aquí a cien años,Julián M. del Portillo,"Europa","Europa",Europe,Q46,"48.690959,9.14062",48.690959,9.14062,"Europa",Imprenta del Comercio,Lima,1843
Julian_del_Portillo_Lima,Lima de aquí a cien años,Julián M. del Portillo,"Europa","Europa",Europe,Q46,"48.690959,9.14062",48.690959,9.14062,"Europa",Imprenta del Comercio,Lima,1843
Julian_del_Portillo_Lima,Lima de aquí a cien años,Julián M. del Portillo,"Rusia","Rusia",Russia,Q159,"66.41666666666667,94.25",66.41666666666667,94.25,"Rusia",Imprenta del Comercio,Lima,1843
Julian_del_Portillo_Lima,Lima de aquí a cien años,Julián M. del Portillo,"Francia","Francia",France,Q142,"47,2",47,2,"Francia",Imprenta del Comercio,Lima,1843
Julian_del_Portillo_Lima,Lima de aquí a cien años,Julián M. del Portillo,"Austria","Austria",Austria,Q40,"48,14",48,14,"Austria",Imprenta del Comercio,Lima,1843
Julian_del_Portillo_Lima,Lima de aquí a cien años,Julián M. del Portillo,"España","España",Spain,Q29,"40.2,-3.5",40.2,-3.5,"España",Imprenta del Comercio,Lima,1843
Julian_del_Portillo_Lima,Lima de aquí a cien años,Julián M. del Portillo,"China","China",People's Republic of China,Q148,"35.844722222222224,103.45194444444445",35.844722222222224,103.45194444444445,"China",Imprenta del Comercio,Lima,1843
Julian_del_Portillo_Lima,Lima de aquí a cien años,Julián M. del Portillo,"Inglaterra","Inglaterra",England,Q21,"53,-1",53,-1,"Inglaterra",Imprenta del Comercio,Lima,1843
Julian_del_Portillo_Lima,Lima de aquí a cien años,Julián M. del Portillo,"Europa","Europa",Europe,Q46,"48.690959,9.14062",48.690959,9.14062,"Europa",Imprenta del Comercio,Lima,1843
Julian_del_Portillo_Lima,Lima de aquí a cien años,Julián M. del Portillo,"Asia","Asia",Asia,Q48,"43.681111111111115,87.33111111111111",43.681111111111115,87.33111111111111,"Asia",Imprenta del Comercio,Lima,1843
Julian_del_Portillo_Lima,Lima de aquí a cien años,Julián M. del Portillo,"Lima","Lima",Lima,Q2868,"-12.06,-77.0375",-12.06,-77.0375,"Lima",Imprenta del Comercio,Lima,1843
Julian_del_Portillo_Lima,Lima de aquí a cien años,Julián M. del Portillo,"Europa","Europa",Europe,Q46,"48.690959,9.14062",48.690959,9.14062,"Europa",Imprenta del Comercio,Lima,1843
Julian_del_Portillo_Lima,Lima de aquí a cien años,Julián M. del Portillo,"Francia","Francia",France,Q142,"47,2",47,2,"Francia",Imprenta del Comercio,Lima,1843
Julian_del_Portillo_Lima,Lima de aquí a cien años,Julián M. del Portillo,"Europa","Europa",Europe,Q46,"48.690959,9.14062",48.690959,9.14062,"Europa",Imprenta del Comercio,Lima,1843
Julian_del_Portillo_Lima,Lima de aquí a cien años,Julián M. del Portillo,"Asia","Asia",Asia,Q48,"43.681111111111115,87.33111111111111",43.681111111111115,87.33111111111111,"Asia",Imprenta del Comercio,Lima,1843
Julian_del_Portillo_Lima,Lima de aquí a cien años,Julián M. del Portillo,"Perú","Perú",Peru,Q419,"-9.4,-76",-9.4,-76,"Perú",Imprenta del Comercio,Lima,1843
Julian_del_Portillo_Lima,Lima de aquí a cien años,Julián M. del Portillo,"Europa","Europa",Europe,Q46,"48.690959,9.14062",48.690959,9.14062,"Europa",Imprenta del Comercio,Lima,1843
Julian_del_Portillo_Lima,Lima de aquí a cien años,Julián M. del Portillo,"Perú","Perú",Peru,Q419,"-9.4,-76",-9.4,-76,"Perú",Imprenta del Comercio,Lima,1843
Julian_del_Portillo_Lima,Lima de aquí a cien años,Julián M. del Portillo,"Andes","Andes",Andes,Q5456,"-32.65333333,-70.01166667",-32.65333333,-70.01166667,"Andes",Imprenta del Comercio,Lima,1843
Julian_del_Portillo_Lima,Lima de aquí a cien años,Julián M. del Portillo,"Chimborazo","Chimborazo",Chimborazo,Q14081,"-1.4691666666667,-78.8175",-1.4691666666667,-78.8175,"Chimborazo",Imprenta del Comercio,Lima,1843
Julian_del_Portillo_Lima,Lima de aquí a cien años,Julián M. del Portillo,"Egipto","Egipto",Egypt,Q79,"27,29",27,29,"Egipto",Imprenta del Comercio,Lima,1843
Julian_del_Portillo_Lima,Lima de aquí a cien años,Julián M. del Portillo,"Perú","Perú",Peru,Q419,"-9.4,-76",-9.4,-76,"Perú",Imprenta del Comercio,Lima,1843
Julian_del_Portillo_Lima,Lima de aquí a cien años,Julián M. del Portillo,"Roma","Roma",Rome,Q220,"41.893055555556,12.482777777778",41.893055555556,12.482777777778,"Roma",Imprenta del Comercio,Lima,1843
Julian_del_Portillo_Lima,Lima de aquí a cien años,Julián M. del Portillo,"Venecia","Venecia",Venice,Q641,"45.439722222222,12.331944444444",45.439722222222,12.331944444444,"Venecia",Imprenta del Comercio,Lima,1843
Julian_del_Portillo_Lima,Lima de aquí a cien años,Julián M. del Portillo,"Rusia","Rusia",Russia,Q159,"66.41666666666667,94.25",66.41666666666667,94.25,"Rusia",Imprenta del Comercio,Lima,1843
Julian_del_Portillo_Lima,Lima de aquí a cien años,Julián M. del Portillo,"Paris","París",Paris,Q90,"48.85666666666667,2.352222222222222",48.85666666666667,2.352222222222222,"París",Imprenta del Comercio,Lima,1843
Julian_del_Portillo_Lima,Lima de aquí a cien años,Julián M. del Portillo,"Arequipa","Arequipa",Arequipa,Q159273,"-16.398763888889,-71.536883333333",-16.398763888889,-71.536883333333,"Arequipa",Imprenta del Comercio,Lima,1843
